,LakeLevel,AverageGate,y_step_1,y_step_2,y_step_3
2018-01-01,0.8476895773796227,-0.5152017667617135,300.0,500.0,500.0
2018-01-02,0.7601713285177164,0.060905027478642286,500.0,500.0,500.0
2018-01-03,0.7024598729397963,0.060905027478642286,500.0,500.0,1400.0
2018-01-04,1.3867513827945073,0.060905027478642286,500.0,1400.0,1400.0
2018-01-05,3.486556004816196,2.653385601560243,1400.0,1400.0,1400.0
2018-01-06,3.017889186887171,2.653385601560243,1400.0,1400.0,1400.0
2018-01-07,2.773725952807021,2.653385601560243,1400.0,1400.0,1400.0
2018-01-08,2.2714470967995766,2.653385601560243,1400.0,1400.0,1400.0
2018-01-09,1.8097563971930215,2.653385601560243,1400.0,1400.0,499.0
2018-01-10,1.3487000310553405,2.653385601560243,1400.0,499.0,550.0
2018-01-11,1.0981947853174223,0.05802449350744051,499.0,550.0,550.0
2018-01-12,1.1838105251829,0.20493172603873125,550.0,550.0,550.0
2018-01-13,1.2079097158773635,0.20493172603873125,550.0,550.0,550.0
2018-01-14,1.199665233023285,0.20493172603873125,550.0,550.0,550.0
2018-01-15,1.2231303548540304,0.20493172603873125,550.0,550.0,1400.0
2018-01-16,1.3087459435173037,0.20493172603873125,550.0,1400.0,1400.0
2018-01-17,1.0550698620523327,2.653385601560243,1400.0,1400.0,1400.0
2018-01-18,0.6808973735067002,2.653385601560243,1400.0,1400.0,549.0
2018-01-19,0.4196110670554223,2.653385601560243,1400.0,549.0,549.0
2018-01-20,0.18876586845521454,0.20205119206752947,549.0,549.0,549.0
2018-01-21,0.18052142340211993,0.20205119206752947,549.0,549.0,549.0
2018-01-22,0.19066845305274532,0.20205119206752947,549.0,549.0,549.0
2018-01-23,0.23759846991006403,0.20205119206752947,549.0,549.0,549.0
2018-01-24,0.22174368646857667,0.20205119206752947,549.0,549.0,549.0
2018-01-25,0.19954706147071954,0.20205119206752947,549.0,549.0,549.0
2018-01-26,0.35809465018655323,0.20205119206752947,549.0,549.0,549.0
2018-01-27,0.6314306275870304,0.20205119206752947,549.0,549.0,549.0
2018-01-28,0.6155757307425919,0.20205119206752947,549.0,549.0,549.0
2018-01-29,0.5743534298760166,0.20205119206752947,549.0,549.0,549.0
2018-01-30,0.5242524260894403,0.20205119206752947,549.0,549.0,549.0
2018-01-31,0.44180769205327936,0.20205119206752947,549.0,549.0,1200.0
2018-02-01,0.49444555720435196,0.20205119206752947,549.0,1200.0,1200.0
2018-02-02,1.4463652339659048,2.0772788073198876,1200.0,1200.0,549.0
2018-02-03,1.1045366457729862,2.0772788073198876,1200.0,549.0,600.0
2018-02-04,0.8216051122449574,0.20205119206752947,549.0,600.0,600.0
2018-02-05,0.7563661971245037,0.3489584245988202,600.0,600.0,600.0
2018-02-06,0.6028920098314642,0.3489584245988202,600.0,600.0,600.0
2018-02-07,0.5768901967384862,0.3489584245988202,600.0,600.0,600.0
2018-02-08,0.3917067071667624,0.3489584245988202,600.0,600.0,589.0
2018-02-09,0.3948776751950955,0.3489584245988202,600.0,589.0,589.0
2018-02-10,0.8134433192335501,0.31727255091560064,589.0,589.0,1400.0
2018-02-11,1.4920270752965339,0.31727255091560064,589.0,1400.0,1400.0
2018-02-12,2.813045744678033,2.653385601560243,1400.0,1400.0,1400.0
2018-02-13,2.9316393781579753,2.653385601560243,1400.0,1400.0,1400.0
2018-02-14,2.9227606752379742,2.653385601560243,1400.0,1400.0,1400.0
2018-02-15,2.897393006610682,2.653385601560243,1400.0,1400.0,1400.0
2018-02-16,2.6532298481324994,2.653385601560243,1400.0,1400.0,1400.0
2018-02-17,2.4610699756322845,2.653385601560243,1400.0,1400.0,1400.0
2018-02-18,2.2270537334017764,2.653385601560243,1400.0,1400.0,1400.0
2018-02-19,2.086897638289722,2.653385601560243,1400.0,1400.0,1400.0
2018-02-20,2.168074064496183,2.653385601560243,1400.0,1400.0,1400.0
2018-02-21,1.959425377490881,2.653385601560243,1400.0,1400.0,1400.0
2018-02-22,1.735556202711982,2.653385601560243,1400.0,1400.0,1400.0
2018-02-23,1.5116869523311154,2.653385601560243,1400.0,1400.0,579.0
2018-02-24,1.2713288118449249,2.653385601560243,1400.0,579.0,579.0
2018-02-25,1.1089759216318844,0.2884672112035828,579.0,579.0,579.0
2018-02-26,1.1356119169898011,0.2884672112035828,579.0,579.0,579.0
2018-02-27,1.2599133420615891,0.2884672112035828,579.0,579.0,1400.0
2018-02-28,1.38104362900278,0.2884672112035828,579.0,1400.0,1400.0
2018-03-01,1.2180568211290912,2.653385601560243,1400.0,1400.0,1400.0
2018-03-02,0.9497941695503058,2.653385601560243,1400.0,1400.0,1400.0
2018-03-03,0.6384067081093819,2.653385601560243,1400.0,1400.0,579.0
2018-03-04,0.2800892298102742,2.653385601560243,1400.0,579.0,579.0
2018-03-05,0.12154162219351607,0.2884672112035828,579.0,579.0,590.0
2018-03-06,0.20715739985997753,0.2884672112035828,579.0,590.0,590.0
2018-03-07,0.335263824023698,0.3201530848868024,590.0,590.0,590.0
2018-03-08,0.3618998193816148,0.3201530848868024,590.0,590.0,590.0
2018-03-09,0.23950099780655185,0.3201530848868024,590.0,590.0,590.0
2018-03-10,0.21984104517000289,0.3201530848868024,590.0,590.0,590.0
2018-03-11,0.18369239143045296,0.3201530848868024,590.0,590.0,590.0
2018-03-12,0.1640324009937855,0.3201530848868024,590.0,590.0,590.0
2018-03-13,0.505226750219857,0.3201530848868024,590.0,590.0,590.0
2018-03-14,0.5864030819242912,0.3201530848868024,590.0,590.0,590.0
2018-03-15,0.5363020592367906,0.3201530848868024,590.0,590.0,590.0
2018-03-16,0.4640044304523573,0.3201530848868024,590.0,590.0,590.0
2018-03-17,0.4234162551505431,0.3201530848868024,590.0,590.0,590.0
2018-03-18,0.3168722737188757,0.3201530848868024,590.0,590.0,590.0
2018-03-19,0.22047530303690924,0.3201530848868024,590.0,590.0,590.0
2018-03-20,0.15325120797828046,0.3201530848868024,590.0,590.0,590.0
2018-03-21,0.08222184922256341,0.3201530848868024,590.0,590.0,590.0
2018-03-22,0.01436345849604458,0.3201530848868024,590.0,590.0,590.0
2018-03-23,0.031486587569080855,0.3201530848868024,590.0,590.0,590.0
2018-03-24,-0.005296494140504375,0.3201530848868024,590.0,590.0,590.0
2018-03-25,0.11076042917801104,0.3201530848868024,590.0,590.0,590.0
2018-03-26,0.06573294021631494,0.3201530848868024,590.0,590.0,590.0
2018-03-27,0.030852386403217504,0.3201530848868024,590.0,590.0,590.0
2018-03-28,-0.0414453557833018,0.3201530848868024,590.0,590.0,590.0
2018-03-29,-0.12262172528871979,0.3201530848868024,590.0,590.0,399.0
2018-03-30,-0.1746253136728268,0.3201530848868024,590.0,399.0,399.0
2018-03-31,-0.18540652558839107,-0.2300289036127374,399.0,399.0,399.0
2018-04-01,-0.09408318313425587,-0.2300289036127374,399.0,399.0,399.0
2018-04-02,-0.05159236653300273,-0.2300289036127374,399.0,399.0,399.0
2018-04-03,-0.010370027865443743,-0.2300289036127374,399.0,399.0,399.0
2018-04-04,0.03909685035637137,-0.2300289036127374,399.0,399.0,399.0
2018-04-05,0.03909685035637137,-0.2300289036127374,399.0,399.0,399.0
2018-04-06,0.11266290037345586,-0.2300289036127374,399.0,399.0,399.0
2018-04-07,0.056220036130450644,-0.2300289036127374,399.0,399.0,399.0
2018-04-08,0.090466350976701,-0.2300289036127374,399.0,399.0,399.0
2018-04-09,0.044170440783218926,-0.2300289036127374,399.0,399.0,399.0
2018-04-10,0.1333706726712881,-0.2300289036127374,399.0,399.0,399.0
2018-04-11,0.23886685334173147,-0.2300289036127374,399.0,399.0,399.0
2018-04-12,0.12154169779461832,-0.2300289036127374,399.0,399.0,349.0
2018-04-13,-0.06173943398461185,-0.2300289036127374,399.0,349.0,349.0
2018-04-14,0.05748843846217735,-0.37405560217282635,349.0,349.0,400.0
2018-04-15,0.061293588756314465,-0.37405560217282635,349.0,400.0,400.0
2018-04-16,0.20398641293072003,-0.22714836964153562,400.0,400.0,400.0
2018-04-17,0.29404142865509597,-0.22714836964153562,400.0,400.0,349.0
2018-04-18,0.20588905422929382,-0.22714836964153562,400.0,349.0,349.0
2018-04-19,0.19827871584003584,-0.37405560217282635,349.0,349.0,349.0
2018-04-20,0.13422547540765414,-0.37405560217282635,349.0,349.0,349.0
2018-04-21,0.13676226117104828,-0.37405560217282635,349.0,349.0,349.0
2018-04-22,0.13803058790080752,-0.37405560217282635,349.0,349.0,349.0
2018-04-23,0.13042024951241477,-0.37405560217282635,349.0,349.0,349.0
2018-04-24,0.09807661376485671,-0.37405560217282635,349.0,349.0,349.0
2018-04-25,0.057488457362236615,-0.37405560217282635,349.0,349.0,349.0
2018-04-26,0.054317470433844314,-0.37405560217282635,349.0,349.0,550.0
2018-04-27,0.07461156753521363,-0.37405560217282635,349.0,550.0,1500.0
2018-04-28,0.3054567850354806,0.20493172603873125,550.0,1500.0,1500.0
2018-04-29,2.317108635724066,2.9414389986804212,1500.0,1500.0,1500.0
2018-04-30,3.3324477108584545,2.9414389986804212,1500.0,1500.0,1500.0
2018-05-01,3.0730638756026214,2.9414389986804212,1500.0,1500.0,1500.0
2018-05-02,2.7521634155738064,2.9414389986804212,1500.0,1500.0,1500.0
2018-05-03,2.488340191056124,2.9414389986804212,1500.0,1500.0,1500.0
2018-05-04,2.2054913095706477,2.9414389986804212,1500.0,1500.0,1500.0
2018-05-05,1.979719512393234,2.9414389986804212,1500.0,1500.0,1500.0
2018-05-06,1.746971634694334,2.9414389986804212,1500.0,1500.0,1500.0
2018-05-07,1.4964663133544485,2.9414389986804212,1500.0,1500.0,1500.0
2018-05-08,1.1800052803867362,2.9414389986804212,1500.0,1500.0,1500.0
2018-05-09,1.0081397695930463,2.9414389986804212,1500.0,1500.0,589.0
2018-05-10,0.8565682802996236,2.9414389986804212,1500.0,589.0,589.0
2018-05-11,0.7519267322624172,0.31727255091560064,589.0,589.0,1500.0
2018-05-12,1.0017977957353965,0.31727255091560064,589.0,1500.0,1500.0
2018-05-13,1.143884058447573,2.9414389986804212,1500.0,1500.0,1500.0
2018-05-14,1.0030661602661395,2.9414389986804212,1500.0,1500.0,1500.0
2018-05-15,1.0550698242513488,2.9414389986804212,1500.0,1500.0,1500.0
2018-05-16,1.2186909655939115,2.9414389986804212,1500.0,1500.0,589.0
2018-05-17,0.9815036986340273,2.9414389986804212,1500.0,589.0,589.0
2018-05-18,0.85022626864099,0.31727255091560064,589.0,589.0,589.0
2018-05-19,0.9834063588326604,0.31727255091560064,589.0,589.0,1500.0
2018-05-20,1.079169052746796,0.31727255091560064,589.0,1500.0,1500.0
2018-05-21,0.9567702500726575,2.9414389986804212,1500.0,1500.0,1500.0
2018-05-22,0.7430481049435186,2.9414389986804212,1500.0,1500.0,589.0
2018-05-23,0.6339672999483386,2.9414389986804212,1500.0,589.0,589.0
2018-05-24,0.5692799150511364,0.31727255091560064,589.0,589.0,589.0
2018-05-25,0.7855388459428043,0.31727255091560064,589.0,589.0,559.0
2018-05-26,0.8457871061841779,0.31727255091560064,589.0,559.0,559.0
2018-05-27,0.9326710971783125,0.23085653177954726,559.0,559.0,559.0
2018-05-28,0.9713567067843856,0.23085653177954726,559.0,559.0,559.0
2018-05-29,0.9631122239303073,0.23085653177954726,559.0,559.0,559.0
2018-05-30,1.00750551172614,0.23085653177954726,559.0,559.0,559.0
2018-05-31,1.0366783873486125,0.23085653177954726,559.0,559.0,559.0
2018-06-01,1.0791690905477798,0.23085653177954726,559.0,559.0,559.0
2018-06-02,1.1172204422860812,0.23085653177954726,559.0,559.0,1200.0
2018-06-03,1.2668894225839407,0.23085653177954726,559.0,1200.0,1200.0
2018-06-04,1.7425322076323662,2.0772788073198876,1200.0,1200.0,1200.0
2018-06-05,2.1452432383324624,2.0772788073198876,1200.0,1200.0,1500.0
2018-06-06,2.143340729336899,2.0772788073198876,1200.0,1500.0,1500.0
2018-06-07,1.944204738514214,2.9414389986804212,1500.0,1500.0,1500.0
2018-06-08,1.7558502620123675,2.9414389986804212,1500.0,1500.0,1500.0
2018-06-09,1.577642777361028,2.9414389986804212,1500.0,1500.0,1500.0
2018-06-10,1.3797753022721555,2.9414389986804212,1500.0,1500.0,1500.0
2018-06-11,1.1375145771884343,2.9414389986804212,1500.0,1500.0,1500.0
2018-06-12,1.2605474487262909,2.9414389986804212,1500.0,1500.0,1500.0
2018-06-13,1.4641226398059066,2.9414389986804212,1500.0,1500.0,1500.0
2018-06-14,1.2351798557001008,2.9414389986804212,1500.0,1500.0,559.0
2018-06-15,1.0366783495484941,2.9414389986804212,1500.0,559.0,559.0
2018-06-16,0.9815036608330435,0.23085653177954726,559.0,559.0,1500.0
2018-06-17,1.1774684757232827,0.23085653177954726,559.0,1500.0,1500.0
2018-06-18,1.1413196329805446,2.9414389986804212,1500.0,1500.0,1500.0
2018-06-19,0.9948217908141472,2.9414389986804212,1500.0,1500.0,559.0
2018-06-20,0.75636615932352,2.9414389986804212,1500.0,559.0,559.0
2018-06-21,0.5914765022480098,0.23085653177954726,559.0,559.0,559.0
2018-06-22,0.6650427034672989,0.23085653177954726,559.0,559.0,559.0
2018-06-23,0.7785627654204527,0.23085653177954726,559.0,559.0,539.0
2018-06-24,0.912376924475841,0.23085653177954726,559.0,539.0,539.0
2018-06-25,1.1311727167320051,0.17324585235551168,539.0,539.0,539.0
2018-06-26,1.072193047826412,0.17324585235551168,539.0,539.0,539.0
2018-06-27,1.1723950175994458,0.17324585235551168,539.0,539.0,539.0
2018-06-28,1.235814113567007,0.17324585235551168,539.0,539.0,539.0
2018-06-29,1.2802074391629583,0.17324585235551168,539.0,539.0,539.0
2018-06-30,1.1413197841836145,0.17324585235551168,539.0,539.0,1200.0
2018-07-01,1.1844446696477204,0.17324585235551168,539.0,1200.0,1200.0
2018-07-02,0.9922849861506938,2.0772788073198876,1200.0,1200.0,539.0
2018-07-03,0.6745555508521202,2.0772788073198876,1200.0,539.0,560.0
2018-07-04,0.3726810123971198,0.17324585235551168,539.0,560.0,560.0
2018-07-05,0.4170743379930711,0.23373706575074904,560.0,560.0,560.0
2018-07-06,0.4893720045784882,0.23373706575074904,560.0,560.0,560.0
2018-07-07,0.5128370886091149,0.23373706575074904,560.0,560.0,1100.0
2018-07-08,0.5496200758166735,0.23373706575074904,560.0,1100.0,1400.0
2018-07-09,0.6720187839887852,1.7892254101997096,1100.0,1400.0,559.0
2018-07-10,0.42214781501783266,2.653385601560243,1400.0,559.0,559.0
2018-07-11,0.1811555678669403,0.23085653177954726,559.0,559.0,559.0
2018-07-12,0.18305811466348737,0.23085653177954726,559.0,559.0,559.0
2018-07-13,0.27438151381866555,0.23085653177954726,559.0,559.0,559.0
2018-07-14,0.5229840615578322,0.23085653177954726,559.0,559.0,1200.0
2018-07-15,0.7088018089973275,0.23085653177954726,559.0,1200.0,559.0
2018-07-16,0.8920829407765577,2.0772788073198876,1200.0,559.0,559.0
2018-07-17,0.8476896151797412,0.23085653177954726,559.0,559.0,1500.0
2018-07-18,0.896522216635456,0.23085653177954726,559.0,1500.0,1500.0
2018-07-19,0.9180847160685519,2.9414389986804212,1500.0,1500.0,1500.0
2018-07-20,0.6796290845770595,2.9414389986804212,1500.0,1500.0,1500.0
2018-07-21,0.35682622895476723,2.9414389986804212,1500.0,1500.0,1500.0
2018-07-22,0.19383936438003538,2.9414389986804212,1500.0,1500.0,1500.0
2018-07-23,-0.03573760199157462,2.9414389986804212,1500.0,1500.0,1500.0
2018-07-24,-0.3204891058755654,2.9414389986804212,1500.0,1500.0,1500.0
2018-07-25,-0.5824097268947926,2.9414389986804212,1500.0,1500.0,1500.0
2018-07-26,-0.8119867121673271,2.9414389986804212,1500.0,1500.0,1500.0
2018-07-27,-1.0104882561190525,2.9414389986804212,1500.0,1500.0,1500.0
2018-07-28,-1.213429189332627,2.9414389986804212,1500.0,1500.0,1500.0
2018-07-29,-1.3986128490074798,2.9414389986804212,1500.0,1500.0,1500.0
2018-07-30,-1.5768202769586415,2.9414389986804212,1500.0,1500.0,900.0
2018-07-31,-1.697950658400994,2.9414389986804212,1500.0,900.0,639.0
2018-08-01,-1.718878952207311,1.2131186159593539,900.0,639.0,700.0
2018-08-02,-1.7930791694445585,0.46129924947568957,639.0,700.0,649.0
2018-08-03,-1.7359787711135217,0.6370118217189981,700.0,649.0,649.0
2018-08-04,-1.6025000470266202,0.4901045891877074,649.0,649.0,599.0
2018-08-05,-1.2432553365714674,0.4901045891877074,649.0,599.0,599.0
2018-08-06,-0.819336358060968,0.3460778906276184,599.0,599.0,599.0
2018-08-07,-0.7555437156221767,0.3460778906276184,599.0,599.0,549.0
2018-08-08,-0.23106821571595054,0.3460778906276184,599.0,549.0,549.0
2018-08-09,0.17608203414113574,0.20205119206752947,549.0,549.0,549.0
2018-08-10,0.22237792543455856,0.20205119206752947,549.0,549.0,549.0
2018-08-11,0.2838944557055136,0.20205119206752947,549.0,549.0,549.0
2018-08-12,0.338434792052031,0.20205119206752947,549.0,549.0,549.0
2018-08-13,0.4158059356613444,0.20205119206752947,549.0,549.0,1500.0
2018-08-14,0.8673494544142042,0.20205119206752947,549.0,1500.0,1500.0
2018-08-15,0.7195831343149778,2.9414389986804212,1500.0,1500.0,549.0
2018-08-16,0.3986827120871466,2.9414389986804212,1500.0,549.0,549.0
2018-08-17,0.2553558001489637,0.20205119206752947,549.0,549.0,549.0
2018-08-18,0.38092553305131666,0.20205119206752947,549.0,549.0,549.0
2018-08-19,0.4322948635685173,0.20205119206752947,549.0,549.0,549.0
2018-08-20,0.525520771720124,0.20205119206752947,549.0,549.0,549.0
2018-08-21,0.639675072640125,0.20205119206752947,549.0,549.0,549.0
2018-08-22,0.7424140738807842,0.20205119206752947,549.0,549.0,549.0
2018-08-23,0.8007593715182505,0.20205119206752947,549.0,549.0,549.0
2018-08-24,0.7627081709821535,0.20205119206752947,549.0,549.0,549.0
2018-08-25,0.7544635369258706,0.20205119206752947,549.0,549.0,549.0
2018-08-26,0.7525610279294421,0.20205119206752947,549.0,549.0,549.0
2018-08-27,0.7493900788011684,0.20205119206752947,549.0,549.0,549.0
2018-08-28,0.7462191674738784,0.20205119206752947,549.0,549.0,1200.0
2018-08-29,1.1571744542230158,0.20205119206752947,549.0,1200.0,1200.0
2018-08-30,1.2288379952436717,2.0772788073198876,1200.0,1200.0,549.0
2018-08-31,0.9650148463279566,2.0772788073198876,1200.0,549.0,549.0
2018-09-01,0.6853368005686682,0.20205119206752947,549.0,549.0,549.0
2018-09-02,0.8800332131271807,0.20205119206752947,549.0,549.0,1200.0
2018-09-03,1.0591783012947193,0.20205119206752947,549.0,1200.0,549.0
2018-09-04,0.8337374163349194,2.0772788073198876,1200.0,549.0,549.0
2018-09-05,0.6567982206132205,0.20205119206752947,549.0,549.0,549.0
2018-09-06,0.815979972694799,0.20205119206752947,549.0,549.0,549.0
2018-09-07,0.7715867226990848,0.20205119206752947,549.0,549.0,549.0
2018-09-08,0.8235904244852778,0.20205119206752947,549.0,549.0,549.0
2018-09-09,0.7449505761389634,0.20205119206752947,549.0,549.0,549.0
2018-09-10,0.768415886972897,0.20205119206752947,549.0,549.0,549.0
2018-09-11,0.7557319392575974,0.20205119206752947,549.0,549.0,549.0
2018-09-12,0.6967522325501551,0.20205119206752947,549.0,549.0,549.0
2018-09-13,0.587671370853932,0.20205119206752947,549.0,549.0,549.0
2018-09-14,0.5724508830794695,0.20205119206752947,549.0,549.0,549.0
2018-09-15,0.5921106845129487,0.20205119206752947,549.0,549.0,549.0
2018-09-16,0.5749876877429229,0.20205119206752947,549.0,549.0,549.0
2018-09-17,0.6174784961785198,0.20205119206752947,549.0,549.0,549.0
2018-09-18,0.7056311265904623,0.20205119206752947,549.0,549.0,549.0
2018-09-19,0.6948498892729416,0.20205119206752947,549.0,549.0,549.0
2018-09-20,0.639041131391822,0.20205119206752947,549.0,549.0,549.0
2018-09-21,0.5692801840402061,0.20205119206752947,549.0,549.0,549.0
2018-09-22,0.542009995530674,0.20205119206752947,549.0,549.0,549.0
2018-09-23,0.46780971516575776,0.20205119206752947,549.0,549.0,549.0
2018-09-24,0.33906905778091206,0.20205119206752947,549.0,549.0,549.0
2018-09-25,0.25789268268204557,0.20205119206752947,549.0,549.0,549.0
2018-09-26,0.1963762109264354,0.20205119206752947,549.0,549.0,549.0
2018-09-27,0.16656926069452294,0.20205119206752947,549.0,549.0,549.0
2018-09-28,0.08983221860895681,0.20205119206752947,549.0,549.0,399.0
2018-09-29,-0.021151106722687368,0.20205119206752947,549.0,399.0,399.0
2018-09-30,-0.011555529775221458,-0.2300289036127374,399.0,399.0,399.0
2018-10-01,0.08602707602538631,-0.2300289036127374,399.0,399.0,399.0
2018-10-02,0.13042040615839007,-0.2300289036127374,399.0,399.0,399.0
2018-10-03,0.1855949736089146,-0.2300289036127374,399.0,399.0,399.0
2018-10-04,0.24140373149003422,-0.2300289036127374,399.0,399.0,399.0
2018-10-05,0.24774563579425465,-0.2300289036127374,399.0,399.0,399.0
2018-10-06,0.3054569649662943,-0.2300289036127374,399.0,399.0,399.0
2018-10-07,0.3327271534766917,-0.2300289036127374,399.0,399.0,399.0
2018-10-08,0.384730768775106,-0.2300289036127374,399.0,399.0,399.0
2018-10-09,0.3416058195032924,-0.2300289036127374,399.0,399.0,399.0
2018-10-10,0.3130672501325701,-0.2300289036127374,399.0,399.0,399.0
2018-10-11,0.42531895632453925,-0.2300289036127374,399.0,399.0,500.0
2018-10-12,0.8768625428165265,-0.2300289036127374,399.0,500.0,399.0
2018-10-13,0.919353301657745,0.060905027478642286,500.0,399.0,399.0
2018-10-14,0.8058332146045857,-0.2300289036127374,399.0,399.0,399.0
2018-10-15,0.8248589275181122,-0.2300289036127374,399.0,399.0,399.0
2018-10-16,0.7893442634117092,-0.2300289036127374,399.0,399.0,399.0
2018-10-17,0.6878737945372608,-0.2300289036127374,399.0,399.0,399.0
2018-10-18,0.6656771294716242,-0.2300289036127374,399.0,399.0,399.0
2018-10-19,0.5959161821200083,-0.2300289036127374,399.0,399.0,399.0
2018-10-20,0.4874696185107445,-0.2300289036127374,399.0,399.0,399.0
2018-10-21,0.3631682941391992,-0.2300289036127374,399.0,399.0,399.0
2018-10-22,0.32892201089398637,-0.2300289036127374,399.0,399.0,399.0
2018-10-23,0.2280857324501331,-0.2300289036127374,399.0,399.0,330.0
2018-10-24,0.13359135831050029,-0.2300289036127374,399.0,330.0,330.0
2018-10-25,0.03592603201875723,-0.42878574762566013,330.0,330.0,330.0
2018-10-26,0.06383041095974963,-0.42878574762566013,330.0,330.0,330.0
2018-10-27,0.12471269228389953,-0.42878574762566013,330.0,330.0,330.0
2018-10-28,0.5394732338091588,-0.42878574762566013,330.0,330.0,400.0
2018-10-29,0.7589031227500669,-0.42878574762566013,330.0,400.0,400.0
2018-10-30,0.871154828942036,-0.22714836964153562,400.0,400.0,400.0
2018-10-31,0.8337375935447129,-0.22714836964153562,400.0,400.0,400.0
2018-11-01,0.7411457906968654,-0.22714836964153562,400.0,400.0,400.0
2018-11-02,0.568645993609611,-0.22714836964153562,400.0,400.0,400.0
2018-11-03,0.5496202806960846,-0.22714836964153562,400.0,400.0,400.0
2018-11-04,0.45068657354315134,-0.22714836964153562,400.0,400.0,400.0
2018-11-05,0.33589810562966704,-0.22714836964153562,400.0,400.0,400.0
2018-11-06,0.3314587726155015,-0.22714836964153562,400.0,400.0,400.0
2018-11-07,0.2959441085099637,-0.22714836964153562,400.0,400.0,400.0
2018-11-08,0.22428058986742783,-0.22714836964153562,400.0,400.0,400.0
2018-11-09,0.19764459178762556,-0.22714836964153562,400.0,400.0,400.0
2018-11-10,0.15325126165462183,-0.22714836964153562,400.0,400.0,400.0
2018-11-11,0.08666126645598139,-0.22714836964153562,400.0,400.0,400.0
2018-11-12,0.004850700926519798,-0.22714836964153562,400.0,400.0,400.0
2018-11-13,0.3143356309928951,-0.22714836964153562,400.0,400.0,400.0
2018-11-14,0.2674055391392414,-0.22714836964153562,400.0,400.0,400.0
2018-11-15,0.17291116499960857,-0.22714836964153562,400.0,400.0,400.0
2018-11-16,0.09427155162139199,-0.22714836964153562,400.0,400.0,400.0
2018-11-17,-0.010369869405166567,-0.22714836964153562,400.0,400.0,299.0
2018-11-18,-0.1264267181807062,-0.22714836964153562,400.0,299.0,299.0
2018-11-19,-0.23170232963785983,-0.5180823007329153,299.0,299.0,299.0
2018-11-20,-0.19935861768356705,-0.5180823007329153,299.0,299.0,299.0
2018-11-21,-0.07061796029958657,-0.5180823007329153,299.0,299.0,299.0
2018-11-22,0.04797565019746819,-0.5180823007329153,299.0,299.0,299.0
2018-11-23,0.12661526357568476,-0.5180823007329153,299.0,299.0,500.0
2018-11-24,0.32194591615917084,-0.5180823007329153,299.0,500.0,500.0
2018-11-25,0.6625061773186488,0.060905027478642286,500.0,500.0,529.0
2018-11-26,0.9206216825189352,0.060905027478642286,500.0,529.0,529.0
2018-11-27,0.8889121609952375,0.1444405126434939,529.0,529.0,529.0
2018-11-28,0.6625061773186488,0.1444405126434939,529.0,529.0,550.0
2018-11-29,0.519179140033577,0.1444405126434939,529.0,550.0,550.0
2018-11-30,0.505861140994541,0.20493172603873125,550.0,550.0,524.0
2018-12-01,0.7658792174848823,0.20493172603873125,550.0,524.0,1200.0
2018-12-02,1.3848490776193634,0.13003784278748498,524.0,1200.0,1200.0
2018-12-03,1.2459613733475918,2.0772788073198876,1200.0,1200.0,539.0
2018-12-04,1.0728273858306077,2.0772788073198876,1200.0,539.0,539.0
2018-12-05,0.7861733112604642,0.17324585235551168,539.0,539.0,539.0
2018-12-06,0.7722211217899679,0.17324585235551168,539.0,539.0,539.0
2018-12-07,0.7018259840077571,0.17324585235551168,539.0,539.0,539.0
2018-12-08,0.6047948481466091,0.17324585235551168,539.0,539.0,539.0
2018-12-09,0.5680118031798811,0.17324585235551168,539.0,539.0,539.0
2018-12-10,0.5217159017559573,0.17324585235551168,539.0,539.0,539.0
2018-12-11,0.5236184730468774,0.17324585235551168,539.0,539.0,539.0
2018-12-12,0.5375706625173736,0.17324585235551168,539.0,539.0,539.0
2018-12-13,0.5401074242397539,0.17324585235551168,539.0,539.0,539.0
2018-12-14,0.5255210443386626,0.17324585235551168,539.0,539.0,539.0
2018-12-15,0.7126072213252779,0.17324585235551168,539.0,539.0,539.0
2018-12-16,0.6441146548357174,0.17324585235551168,539.0,539.0,539.0
2018-12-17,0.5737195170535064,0.17324585235551168,539.0,539.0,539.0
2018-12-18,0.3999513391059272,0.17324585235551168,539.0,539.0,539.0
2018-12-19,0.18813173533042973,0.17324585235551168,539.0,539.0,539.0
2018-12-20,0.67518998592882,0.17324585235551168,539.0,539.0,539.0
2018-12-21,0.7075336978822476,0.17324585235551168,539.0,539.0,539.0
2018-12-22,0.6174786567559152,0.17324585235551168,539.0,539.0,539.0
2018-12-23,0.5800614213585921,0.17324585235551168,539.0,539.0,1500.0
2018-12-24,1.211715090102379,0.17324585235551168,539.0,1500.0,1500.0
2018-12-25,2.457265095537617,2.9414389986804212,1500.0,1500.0,1500.0
2018-12-26,1.9289844669591982,2.9414389986804212,1500.0,1500.0,1500.0
2018-12-27,1.6670638191770717,2.9414389986804212,1500.0,1500.0,529.0
2018-12-28,1.28274441831432,2.9414389986804212,1500.0,529.0,529.0
2018-12-29,1.0918530987449993,0.1444405126434939,529.0,529.0,529.0
2018-12-30,1.1578089035130448,0.1444405126434939,529.0,529.0,1200.0
2018-12-31,1.1533695704997444,0.1444405126434939,529.0,1200.0,529.0
2019-01-01,1.0138476757973778,2.0772788073198876,1200.0,529.0,529.0
2019-01-02,0.6878737945372608,0.1444405126434939,529.0,529.0,529.0
2019-01-03,0.604160657716014,0.1444405126434939,529.0,529.0,529.0
2019-01-04,0.5705485649013963,0.1444405126434939,529.0,529.0,529.0
2019-01-05,0.6231863706304057,0.1444405126434939,529.0,529.0,529.0
2019-01-06,0.457662668278832,0.1444405126434939,529.0,529.0,529.0
2019-01-07,0.3999513391059272,0.1444405126434939,529.0,529.0,529.0
2019-01-08,0.35365543768200336,0.1444405126434939,529.0,529.0,529.0
2019-01-09,0.3631682941391992,0.1444405126434939,529.0,529.0,529.0
2019-01-10,0.24330630278095428,0.1444405126434939,529.0,529.0,529.0
2019-01-11,0.09300317076020183,0.1444405126434939,529.0,529.0,529.0
2019-01-12,0.05114660234957841,0.1444405126434939,529.0,529.0,529.0
2019-01-13,0.03719441287994739,0.1444405126434939,529.0,529.0,529.0
2019-01-14,0.04797565019746819,0.1444405126434939,529.0,529.0,529.0
2019-01-15,0.14944611907191654,0.1444405126434939,529.0,529.0,529.0
2019-01-16,0.08095355258235605,0.1444405126434939,529.0,529.0,529.0
2019-01-17,-0.026858820597177903,0.1444405126434939,529.0,529.0,529.0
2019-01-18,-0.1511601449687232,0.1444405126434939,529.0,529.0,399.0
2019-01-19,-0.18223547606096063,0.1444405126434939,529.0,399.0,399.0
2019-01-20,-0.33634375066441835,-0.2300289036127374,399.0,399.0,329.0
2019-01-21,-0.48347593053306065,-0.2300289036127374,399.0,329.0,309.0
2019-01-22,-0.43654583867854174,-0.43166628159686193,329.0,309.0,309.0
2019-01-23,-0.3610771774524354,-0.4892769610208975,309.0,309.0,309.0
2019-01-24,-0.08203338804770245,-0.4892769610208975,309.0,309.0,309.0
2019-01-25,0.05304917364136365,-0.4892769610208975,309.0,309.0,309.0
2019-01-26,0.028315746853346643,-0.4892769610208975,309.0,309.0,309.0
2019-01-27,-0.028761391888963143,-0.4892769610208975,309.0,309.0,309.0
2019-01-28,0.04924403105865835,-0.4892769610208975,309.0,309.0,309.0
2019-01-29,0.1963762109264354,-0.4892769610208975,309.0,309.0,309.0
2019-01-30,0.29467572764877353,-0.4892769610208975,309.0,309.0,309.0
2019-01-31,0.3638024845697943,-0.4892769610208975,309.0,309.0,309.0
2019-02-01,0.3447767716562678,-0.4892769610208975,309.0,309.0,309.0
2019-02-02,0.30038344152326407,-0.4892769610208975,309.0,309.0,309.0
2019-02-03,0.27945515731708714,-0.4892769610208975,309.0,309.0,309.0
2019-02-04,0.25408754009847506,-0.4892769610208975,309.0,309.0,309.0
2019-02-05,0.18622916403950968,-0.4892769610208975,309.0,309.0,309.0
2019-02-06,0.154519642515812,-0.4892769610208975,309.0,309.0,309.0
2019-02-07,0.09173478989987685,-0.4892769610208975,309.0,309.0,309.0
2019-02-08,-0.021785297153282448,-0.4892769610208975,309.0,309.0,309.0
2019-02-09,-0.08774110192219298,-0.4892769610208975,309.0,309.0,309.0
2019-02-10,-0.1835038569221508,-0.4892769610208975,309.0,309.0,309.0
2019-02-11,-0.2621434703003674,-0.4892769610208975,309.0,309.0,219.0
2019-02-12,-0.3629797487442206,-0.4892769610208975,309.0,219.0,219.0
2019-02-13,-0.32365994205511234,-0.7485250184290576,219.0,219.0,219.0
2019-02-14,-0.18667480907512618,-0.7485250184290576,219.0,219.0,219.0
2019-02-15,-0.1543310971208334,-0.7485250184290576,219.0,219.0,219.0
2019-02-16,-0.1619413822871092,-0.7485250184290576,219.0,219.0,219.0
2019-02-17,-0.09471719665700849,-0.7485250184290576,219.0,219.0,219.0
2019-02-18,-0.10613262440512437,-0.7485250184290576,219.0,219.0,219.0
2019-02-19,-0.0338349153328586,-0.7485250184290576,219.0,219.0,219.0
2019-02-20,0.009290033938954983,-0.7485250184290576,219.0,219.0,300.0
2019-02-21,0.08095355258235605,-0.7485250184290576,219.0,300.0,300.0
2019-02-22,0.3029202032447792,-0.5152017667617135,300.0,300.0,300.0
2019-02-23,0.5382048529479687,-0.5152017667617135,300.0,300.0,300.0
2019-02-24,0.4557600969870468,-0.5152017667617135,300.0,300.0,300.0
2019-02-25,0.21540192384082707,-0.5152017667617135,300.0,300.0,300.0
2019-02-26,0.07397745784667535,-0.5152017667617135,300.0,300.0,199.0
2019-02-27,-0.049689676094274854,-0.5152017667617135,300.0,199.0,199.0
2019-02-28,-0.1334028129155217,-0.8061356978530932,199.0,199.0,199.0
2019-03-01,-0.15369690669023833,-0.8061356978530932,199.0,199.0,199.0
2019-03-02,-0.18033290477004058,-0.8061356978530932,199.0,199.0,199.0
2019-03-03,-0.17335681003435988,-0.8061356978530932,199.0,199.0,199.0
2019-03-04,-0.12706090861130126,-0.8061356978530932,199.0,199.0,199.0
2019-03-05,-0.15369690669110353,-0.8061356978530932,199.0,199.0,199.0
2019-03-06,-0.04588453351070437,-0.8061356978530932,199.0,199.0,199.0
2019-03-07,0.0333892702972421,-0.8061356978530932,199.0,199.0,199.0
2019-03-08,0.16720345112511803,-0.8061356978530932,199.0,199.0,199.0
2019-03-09,0.4177086711591287,-0.8061356978530932,199.0,199.0,199.0
2019-03-10,0.4316608606296249,-0.8061356978530932,199.0,199.0,199.0
2019-03-11,0.4868354280801494,-0.8061356978530932,199.0,199.0,199.0
2019-03-12,0.5286919964907728,-0.8061356978530932,199.0,199.0,199.0
2019-03-13,0.5451809476827841,-0.8061356978530932,199.0,199.0,199.0
2019-03-14,0.6143077046038049,-0.8061356978530932,199.0,199.0,199.0
2019-03-15,0.7056311265904623,-0.8061356978530932,199.0,199.0,199.0
2019-03-16,0.7690501696378578,-0.8061356978530932,199.0,199.0,199.0
2019-03-17,0.8178828327832967,-0.8061356978530932,199.0,199.0,400.0
2019-03-18,0.8622761629163004,-0.8061356978530932,199.0,400.0,400.0
2019-03-19,0.7538295993061714,-0.22714836964153562,400.0,400.0,199.0
2019-03-20,0.48873799937193463,-0.22714836964153562,400.0,199.0,350.0
2019-03-21,0.39614619652322186,-0.8061356978530932,199.0,350.0,350.0
2019-03-22,0.26994230086075655,-0.37117506820162455,350.0,350.0,350.0
2019-03-23,0.12788364443600975,-0.37117506820162455,350.0,350.0,350.0
2019-03-24,-0.02368786844506769,-0.37117506820162455,350.0,350.0,350.0
2019-03-25,-0.2050663315580576,-0.37117506820162455,350.0,350.0,350.0
2019-03-26,-0.3877131755322376,-0.37117506820162455,350.0,350.0,239.0
2019-03-27,-0.5354795458306097,-0.37117506820162455,350.0,239.0,239.0
2019-03-28,-0.35093013056550965,-0.6909143390050221,239.0,239.0,239.0
2019-03-29,-0.17843033347912052,-0.6909143390050221,239.0,239.0,239.0
2019-03-30,-0.15052595453812811,-0.6909143390050221,239.0,239.0,239.0
2019-03-31,-0.06491024642509603,-0.6909143390050221,239.0,239.0,500.0
2019-04-01,0.3441425812256727,-0.6909143390050221,239.0,500.0,500.0
2019-04-02,0.7760262643726733,0.060905027478642286,500.0,500.0,399.0
2019-04-03,0.5179107591723868,0.060905027478642286,500.0,399.0,399.0
2019-04-04,0.14120164347591085,-0.2300289036127374,399.0,399.0,299.0
2019-04-05,-0.05729996125968544,-0.2300289036127374,399.0,299.0,299.0
2019-04-06,-0.2748272789096734,-0.5180823007329153,299.0,299.0,299.0
2019-04-07,-0.3731267956320115,-0.5180823007329153,299.0,299.0,199.0
2019-04-08,-0.4527629939720974,-0.5180823007329153,299.0,199.0,199.0
2019-04-09,-0.538143145638763,-0.8061356978530932,199.0,199.0,220.0
2019-04-10,-0.46508440804926404,-0.8061356978530932,199.0,220.0,220.0
2019-04-11,-0.2932188013926048,-0.7456444844578558,220.0,220.0,220.0
2019-04-12,-0.13213443205433154,-0.7456444844578558,220.0,220.0,220.0
2019-04-13,-0.13720795549822698,-0.7456444844578558,220.0,220.0,220.0
2019-04-14,-0.1048642435447994,-0.7456444844578558,220.0,220.0,225.0
2019-04-15,-0.0731547220211017,-0.7456444844578558,220.0,225.0,225.0
2019-04-16,-0.07061796029958657,-0.731241814601847,225.0,225.0,225.0
2019-04-17,-0.058568342120875604,-0.731241814601847,225.0,225.0,225.0
2019-04-18,-0.03446910576345368,-0.731241814601847,225.0,225.0,225.0
2019-04-19,-0.01354082155727678,-0.731241814601847,225.0,225.0,225.0
2019-04-20,0.03846279374113755,-0.731241814601847,225.0,225.0,225.0
2019-04-21,0.10061345592647761,-0.731241814601847,225.0,225.0,500.0
2019-04-22,0.7354380768223748,-0.731241814601847,225.0,500.0,500.0
2019-04-23,0.9237926346710454,0.060905027478642286,500.0,500.0,500.0
2019-04-24,0.5845007543718924,0.060905027478642286,500.0,500.0,500.0
2019-04-25,0.22681735158894295,0.060905027478642286,500.0,500.0,299.0
2019-04-26,-0.09915652967030887,0.060905027478642286,500.0,299.0,220.0
2019-04-27,-0.24058099566446056,-0.5180823007329153,299.0,220.0,220.0
2019-04-28,-0.12706090861130126,-0.7456444844578558,220.0,220.0,220.0
2019-04-29,0.0689039344027799,-0.7456444844578558,220.0,220.0,220.0
2019-04-30,0.12217593056238439,-0.7456444844578558,220.0,220.0,220.0
2019-05-01,0.13866488175439573,-0.7456444844578558,220.0,220.0,220.0
2019-05-02,0.17988725973442407,-0.7456444844578558,220.0,220.0,220.0
2019-05-03,0.26867391999956636,-0.7456444844578558,220.0,220.0,220.0
2019-05-04,0.3986829582456022,-0.7456444844578558,220.0,220.0,220.0
2019-05-05,0.4487840022522313,-0.7456444844578558,220.0,220.0,220.0
2019-05-06,0.4982508558282653,-0.7456444844578558,220.0,220.0,220.0
2019-05-07,0.5464493285439743,-0.7456444844578558,220.0,220.0,220.0
2019-05-08,0.5997213247027137,-0.7456444844578558,220.0,220.0,220.0
2019-05-09,0.6935815084117514,-0.7456444844578558,220.0,220.0,400.0
2019-05-10,0.7715869313593728,-0.7456444844578558,220.0,400.0,400.0
2019-05-11,0.6384069409612269,-0.22714836964153562,400.0,400.0,500.0
2019-05-12,0.6720190337758446,-0.22714836964153562,400.0,500.0,500.0
2019-05-13,1.0671196719561171,0.060905027478642286,500.0,500.0,500.0
2019-05-14,0.8318350222529277,0.060905027478642286,500.0,500.0,500.0
2019-05-15,0.4868354280801494,0.060905027478642286,500.0,500.0,500.0
2019-05-16,0.11900497840940899,0.060905027478642286,500.0,500.0,299.0
2019-05-17,-0.10740100526631453,0.060905027478642286,500.0,299.0,299.0
2019-05-18,-0.2336049009287799,-0.5180823007329153,299.0,299.0,299.0
2019-05-19,-0.2963897535455802,-0.5180823007329153,299.0,299.0,240.0
2019-05-20,-0.3560036540094051,-0.5180823007329153,299.0,240.0,240.0
2019-05-21,-0.29512137268439004,-0.6880338050338203,240.0,240.0,240.0
2019-05-22,-0.2399468052338655,-0.6880338050338203,240.0,240.0,240.0
2019-05-23,-0.19491928467113187,-0.6880338050338203,240.0,240.0,240.0
2019-05-24,-0.11184033827961491,-0.6880338050338203,240.0,240.0,240.0
2019-05-25,-0.023053678014472608,-0.6880338050338203,240.0,240.0,240.0
2019-05-26,0.009924224369550063,-0.6880338050338203,240.0,240.0,500.0
2019-05-27,0.08539288559479123,-0.6880338050338203,240.0,500.0,500.0
2019-05-28,0.3891701017884064,0.060905027478642286,500.0,500.0,500.0
2019-05-29,0.27311325301286676,0.060905027478642286,500.0,500.0,500.0
2019-05-30,0.07714840999878557,0.060905027478642286,500.0,500.0,500.0
2019-05-31,-0.06427605599450095,0.060905027478642286,500.0,500.0,550.0
2019-06-01,-0.18857738036604624,0.060905027478642286,500.0,550.0,550.0
2019-06-02,-0.5056725955986973,0.20493172603873125,550.0,550.0,550.0
2019-06-03,-0.7802770519909951,0.20493172603873125,550.0,550.0,550.0
2019-06-04,-1.0136591304023992,0.20493172603873125,550.0,550.0,550.0
2019-06-05,-1.0523447466609124,0.20493172603873125,550.0,550.0,550.0
2019-06-06,-1.180451213615163,0.20493172603873125,550.0,550.0,550.0
2019-06-07,-1.3580245341454478,0.20493172603873125,550.0,550.0,399.0
2019-06-08,-1.654825655603382,0.20493172603873125,550.0,399.0,299.0
2019-06-09,-1.7162594068669919,-0.2300289036127374,399.0,299.0,299.0
2019-06-10,-1.7068292709017965,-0.5180823007329153,299.0,299.0,400.0
2019-06-11,-1.6262870862317946,-0.5180823007329153,299.0,400.0,549.0
2019-06-12,-1.4893019532518084,-0.22714836964153562,400.0,549.0,549.0
2019-06-13,-1.2812874920590163,0.20205119206752947,549.0,549.0,600.0
2019-06-14,-1.4778865255036926,0.20205119206752947,549.0,600.0,499.0
2019-06-15,-1.738538792424629,0.3489584245988202,600.0,499.0,399.0
2019-06-16,-1.8564982124910887,0.05802449350744051,499.0,399.0,399.0
2019-06-17,-1.9319668737163298,-0.2300289036127374,399.0,399.0,399.0
2019-06-18,-1.983970489014744,-0.2300289036127374,399.0,399.0,399.0
2019-06-19,-2.0467553416315445,-0.2300289036127374,399.0,399.0,399.0
2019-06-20,-2.087977719611573,-0.2300289036127374,399.0,399.0,399.0
2019-06-21,-1.6522888938810019,-0.2300289036127374,399.0,399.0,399.0
2019-06-22,-1.4835942393773178,-0.2300289036127374,399.0,399.0,399.0
2019-06-23,-1.4423718613972896,-0.2300289036127374,399.0,399.0,399.0
2019-06-24,-1.4036862451387764,-0.2300289036127374,399.0,399.0,399.0
2019-06-25,-1.4813332126259653,-0.2300289036127374,399.0,399.0,399.0
2019-06-26,-1.5596970910331542,-0.2300289036127374,399.0,399.0,399.0
2019-06-27,-1.6313606096765552,-0.2300289036127374,399.0,399.0,399.0
2019-06-28,-1.6846326058344294,-0.2300289036127374,399.0,399.0,399.0
2019-06-29,-1.7480516488818247,-0.2300289036127374,399.0,399.0,399.0
2019-06-30,-1.8051287876232693,-0.2300289036127374,399.0,399.0,399.0
2019-07-01,-1.7810295512658474,-0.2300289036127374,399.0,399.0,399.0
2019-07-02,-1.6871693675568098,-0.2300289036127374,399.0,399.0,399.0
2019-07-03,-1.3967101504030957,-0.2300289036127374,399.0,399.0,499.0
2019-07-04,-0.38200546165861227,-0.2300289036127374,399.0,499.0,499.0
2019-07-05,0.650456559140803,0.05802449350744051,499.0,499.0,499.0
2019-07-06,0.6047948481466091,0.05802449350744051,499.0,499.0,499.0
2019-07-07,0.5705485649013963,0.05802449350744051,499.0,499.0,499.0
2019-07-08,0.505861140994541,0.05802449350744051,499.0,499.0,499.0
2019-07-09,0.45068657354315134,0.05802449350744051,499.0,499.0,499.0
2019-07-10,0.38219400705272566,0.05802449350744051,499.0,499.0,499.0
2019-07-11,0.32197348965592754,0.05802449350744051,499.0,499.0,499.0
2019-07-12,0.33716648648999203,0.05802449350744051,499.0,499.0,499.0
2019-07-13,0.32575105874187615,0.05802449350744051,499.0,499.0,499.0
2019-07-14,0.398682958244737,0.05802449350744051,499.0,499.0,499.0
2019-07-15,0.5274236156295826,0.05802449350744051,499.0,499.0,499.0
2019-07-16,0.7487560758622759,0.05802449350744051,499.0,499.0,499.0
2019-07-17,0.7468535045704907,0.05802449350744051,499.0,499.0,499.0
2019-07-18,0.7405116002662703,0.05802449350744051,499.0,499.0,550.0
2019-07-19,0.8996933983127583,0.05802449350744051,499.0,550.0,550.0
2019-07-20,1.0017980576178016,0.20493172603873125,550.0,550.0,550.0
2019-07-21,0.9180849207965549,0.20493172603873125,550.0,550.0,550.0
2019-07-22,0.7836365495380838,0.20493172603873125,550.0,550.0,550.0
2019-07-23,0.6606409113462594,0.20493172603873125,550.0,550.0,550.0
2019-07-24,0.590208468246383,0.20493172603873125,550.0,550.0,550.0
2019-07-25,0.5223500921865524,0.20493172603873125,550.0,550.0,550.0
2019-07-26,0.5293261869213679,0.20493172603873125,550.0,550.0,550.0
2019-07-27,0.3441425812256727,0.20493172603873125,550.0,550.0,550.0
2019-07-28,0.21667030470201723,0.20493172603873125,550.0,550.0,550.0
2019-07-29,0.1361281200320154,0.20493172603873125,550.0,550.0,550.0
2019-07-30,0.22428058986742783,0.20493172603873125,550.0,550.0,550.0
2019-07-31,0.21349935254904182,0.20493172603873125,550.0,550.0,550.0
2019-08-01,0.08412450473360107,0.20493172603873125,550.0,550.0,399.0
2019-08-02,-0.05222643781578999,0.20493172603873125,550.0,399.0,399.0
2019-08-03,-0.18794318993545117,-0.2300289036127374,399.0,399.0,399.0
2019-08-04,-0.05603158039849528,-0.2300289036127374,399.0,399.0,399.0
2019-08-05,0.01690031910436557,-0.2300289036127374,399.0,399.0,399.0
2019-08-06,0.05875688751585418,-0.2300289036127374,399.0,399.0,399.0
2019-08-07,0.08412450473446627,-0.2300289036127374,399.0,399.0,399.0
2019-08-08,0.18052145016501914,-0.2300289036127374,399.0,399.0,399.0
2019-08-09,0.31560401185408526,-0.2300289036127374,399.0,399.0,399.0
2019-08-10,0.4614678108615373,-0.2300289036127374,399.0,399.0,550.0
2019-08-11,0.8489581638755341,-0.2300289036127374,399.0,550.0,550.0
2019-08-12,0.9650150126510737,0.20493172603873125,550.0,550.0,550.0
2019-08-13,1.0385811025853948,0.20493172603873125,550.0,550.0,550.0
2019-08-14,0.9859432968563855,0.20493172603873125,550.0,550.0,550.0
2019-08-15,0.8857412088431272,0.20493172603873125,550.0,550.0,550.0
2019-08-16,0.7550979801664963,0.20493172603873125,550.0,550.0,550.0
2019-08-17,0.6739216050676299,0.20493172603873125,550.0,550.0,550.0
2019-08-18,0.5857691352322174,0.20493172603873125,550.0,550.0,550.0
2019-08-19,0.458931049139157,0.20493172603873125,550.0,550.0,550.0
2019-08-20,0.38155981662213057,0.20493172603873125,550.0,550.0,550.0
2019-08-21,0.6428462739745272,0.20493172603873125,550.0,550.0,550.0
2019-08-22,0.6783609380809302,0.20493172603873125,550.0,550.0,550.0
2019-08-23,0.7703185504981828,0.20493172603873125,550.0,550.0,550.0
2019-08-24,0.6580668443062135,0.20493172603873125,550.0,550.0,550.0
2019-08-25,0.5401074242397539,0.20493172603873125,550.0,550.0,550.0
2019-08-26,0.42151381374183394,0.20493172603873125,550.0,550.0,550.0
2019-08-27,0.2991150606620739,0.20493172603873125,550.0,550.0,550.0
2019-08-28,0.18496078317831952,0.20493172603873125,550.0,550.0,550.0
2019-08-29,0.0473414597677383,0.20493172603873125,550.0,550.0,399.0
2019-08-30,-0.06617862728628619,0.20493172603873125,550.0,399.0,399.0
2019-08-31,-0.14989176410753302,-0.2300289036127374,399.0,399.0,399.0
2019-09-01,-0.08774110192219298,-0.2300289036127374,399.0,399.0,399.0
2019-09-02,-0.08013081675591721,-0.2300289036127374,399.0,399.0,550.0
2019-09-03,0.03656022244935231,-0.2300289036127374,399.0,550.0,550.0
2019-09-04,0.4303924797684347,0.20493172603873125,550.0,550.0,550.0
2019-09-05,0.7436825524183804,0.20493172603873125,550.0,550.0,550.0
2019-09-06,0.7474876950010858,0.20493172603873125,550.0,550.0,550.0
2019-09-07,0.6663113199022193,0.20493172603873125,550.0,550.0,550.0
2019-09-08,0.7563663610276865,0.20493172603873125,550.0,550.0,550.0
2019-09-09,0.7804655973851085,0.20493172603873125,550.0,550.0,550.0
2019-09-10,0.7081678883128427,0.20493172603873125,550.0,550.0,550.0
2019-09-11,0.5680118031798811,0.20493172603873125,550.0,550.0,550.0
2019-09-12,0.45258914483493656,0.20493172603873125,550.0,550.0,550.0
2019-09-13,0.2610636348341558,0.20493172603873125,550.0,550.0,550.0
2019-09-14,0.2616978252647509,0.20493172603873125,550.0,550.0,550.0
2019-09-15,0.19383944920492027,0.20493172603873125,550.0,550.0,550.0
2019-09-16,0.04987822148925343,0.20493172603873125,550.0,550.0,550.0
2019-09-17,-0.06427605599450095,0.20493172603873125,550.0,550.0,550.0
2019-09-18,-0.11184033827961491,0.20493172603873125,550.0,550.0,399.0
2019-09-19,-0.17716195261793036,0.20493172603873125,550.0,399.0,399.0
2019-09-20,-0.32133559266025996,-0.2300289036127374,399.0,399.0,399.0
2019-09-21,-0.3026930682002157,-0.2300289036127374,399.0,399.0,399.0
2019-09-22,-0.3028900785186123,-0.2300289036127374,399.0,399.0,399.0
2019-09-23,-0.32845470605475585,-0.2300289036127374,399.0,399.0,399.0
2019-09-24,-0.15932287143800836,-0.2300289036127374,399.0,399.0,370.0
2019-09-25,-0.08849055354359901,-0.2300289036127374,399.0,370.0,370.0
2019-09-26,-0.04175747200661157,-0.31356438877758896,370.0,370.0,370.0
2019-09-27,0.09693322194676318,-0.31356438877758896,370.0,370.0,370.0
2019-09-28,0.12590897143054913,-0.31356438877758896,370.0,370.0,370.0
2019-09-29,0.17918966571495298,-0.31356438877758896,370.0,370.0,370.0
2019-09-30,0.4571965459283634,-0.31356438877758896,370.0,370.0,370.0
2019-10-01,0.677063614982335,-0.31356438877758896,370.0,370.0,370.0
2019-10-02,0.658475082181007,-0.31356438877758896,370.0,370.0,370.0
2019-10-03,0.7331125426581216,-0.31356438877758896,370.0,370.0,370.0
2019-10-04,0.755746387836822,-0.31356438877758896,370.0,370.0,370.0
2019-10-05,0.7561835679498856,-0.31356438877758896,370.0,370.0,370.0
2019-10-06,0.8974110236256407,-0.31356438877758896,370.0,370.0,370.0
2019-10-07,0.9124345836389305,-0.31356438877758896,370.0,370.0,370.0
2019-10-08,0.8970170029897127,-0.31356438877758896,370.0,370.0,550.0
2019-10-09,0.872086565883299,-0.31356438877758896,370.0,550.0,550.0
2019-10-10,0.804031179505937,0.20493172603873125,550.0,550.0,550.0
2019-10-11,0.9940912983279963,0.20493172603873125,550.0,550.0,550.0
2019-10-12,1.057313331056995,0.20493172603873125,550.0,550.0,550.0
2019-10-13,0.9118867121626065,0.20493172603873125,550.0,550.0,549.0
2019-10-14,0.8837853229040827,0.20493172603873125,550.0,549.0,549.0
2019-10-15,0.9996451613612257,0.20205119206752947,549.0,549.0,549.0
2019-10-16,0.948078726175875,0.20205119206752947,549.0,549.0,549.0
2019-10-17,0.7766502996322794,0.20205119206752947,549.0,549.0,549.0
2019-10-18,0.7314257687511492,0.20205119206752947,549.0,549.0,549.0
2019-10-19,0.6741516196913079,0.20205119206752947,549.0,549.0,549.0
2019-10-20,0.5585319510288319,0.20205119206752947,549.0,549.0,499.0
2019-10-21,0.37949323931982576,0.20205119206752947,549.0,499.0,449.0
2019-10-22,0.21757766923256078,0.05802449350744051,499.0,449.0,399.0
2019-10-23,0.28714160626577995,-0.08600220505264844,449.0,399.0,399.0
2019-10-24,0.18801088879531533,-0.2300289036127374,399.0,399.0,379.0
2019-10-25,0.2195234000006164,-0.2300289036127374,399.0,379.0,379.0
2019-10-26,0.22630248441790046,-0.287639583036773,379.0,379.0,379.0
2019-10-27,0.2127874750604679,-0.287639583036773,379.0,379.0,379.0
2019-10-28,0.2741069364976814,-0.287639583036773,379.0,379.0,379.0
2019-10-29,0.29037207900451417,-0.287639583036773,379.0,379.0,379.0
2019-10-30,0.22174382814504748,-0.287639583036773,379.0,379.0,379.0
2019-10-31,0.2249147802980229,-0.287639583036773,379.0,379.0,379.0
2019-11-01,0.13676231046261048,-0.287639583036773,379.0,379.0,379.0
2019-11-02,0.09871088463469237,-0.287639583036773,379.0,379.0,379.0
2019-11-03,0.021339652118531133,-0.287639583036773,379.0,379.0,379.0
2019-11-04,0.04987822148925343,-0.287639583036773,379.0,379.0,379.0
2019-11-05,-0.04715291437189453,-0.287639583036773,379.0,379.0,379.0
2019-11-06,-0.04271358135945935,-0.287639583036773,379.0,379.0,379.0
2019-11-07,-0.03446910576345368,-0.287639583036773,379.0,379.0,379.0
2019-11-08,-0.0940830062272786,-0.287639583036773,379.0,379.0,379.0
2019-11-09,-0.14291566937271752,-0.287639583036773,379.0,379.0,549.0
2019-11-10,0.4747858099005733,-0.287639583036773,379.0,549.0,549.0
2019-11-11,0.9003275887433534,0.20205119206752947,549.0,549.0,549.0
2019-11-12,0.6181128471865102,0.20205119206752947,549.0,549.0,549.0
2019-11-13,0.32511686831128106,0.20205119206752947,549.0,549.0,549.0
2019-11-14,0.1748137362913938,0.20205119206752947,549.0,549.0,549.0
2019-11-15,-0.13467119377671186,0.20205119206752947,549.0,549.0,299.0
2019-11-16,-0.3141470855987817,0.20205119206752947,549.0,299.0,299.0
2019-11-17,-0.24121518609505566,-0.5180823007329153,299.0,299.0,299.0
2019-11-18,-0.10359586268360924,-0.5180823007329153,299.0,299.0,299.0
2019-11-19,0.012460986091930385,-0.5180823007329153,299.0,299.0,299.0
2019-11-20,0.03592603201875723,-0.5180823007329153,299.0,299.0,299.0
2019-11-21,0.05178079278017349,-0.5180823007329153,299.0,299.0,299.0
2019-11-22,0.06319622052915455,-0.5180823007329153,299.0,299.0,299.0
2019-11-23,0.08095355258235605,-0.5180823007329153,299.0,299.0,299.0
2019-11-24,0.11710240711848893,-0.5180823007329153,299.0,299.0,299.0
2019-11-25,0.1392990721849908,-0.5180823007329153,299.0,299.0,299.0
2019-11-26,0.20525487695303615,-0.5180823007329153,299.0,299.0,299.0
2019-11-27,0.17100859370782331,-0.5180823007329153,299.0,299.0,299.0
2019-11-28,0.1646666894036029,-0.5180823007329153,299.0,299.0,299.0
2019-11-29,0.17354535543020363,-0.5180823007329153,299.0,299.0,299.0
2019-11-30,0.15515383294640706,-0.5180823007329153,299.0,299.0,299.0
2019-12-01,0.3016518223844542,-0.5180823007329153,299.0,299.0,299.0
2019-12-02,0.48176190463625396,-0.5180823007329153,299.0,299.0,299.0
2019-12-03,0.6460172261266375,-0.5180823007329153,299.0,299.0,299.0
2019-12-04,0.6479197974184226,-0.5180823007329153,299.0,299.0,299.0
2019-12-05,0.5768904692056167,-0.5180823007329153,299.0,299.0,299.0
2019-12-06,0.5267894251989876,-0.5180823007329153,299.0,299.0,299.0
2019-12-07,0.604160657716014,-0.5180823007329153,299.0,299.0,299.0
2019-12-08,0.7899784538423043,-0.5180823007329153,299.0,299.0,299.0
2019-12-09,0.9041327313269238,-0.5180823007329153,299.0,299.0,299.0
2019-12-10,0.821687975366002,-0.5180823007329153,299.0,299.0,299.0
2019-12-11,0.7037285552995423,-0.5180823007329153,299.0,299.0,299.0
2019-12-12,0.7468535045704907,-0.5180823007329153,299.0,299.0,299.0
2019-12-13,0.7893442634117092,-0.5180823007329153,299.0,299.0,299.0
2019-12-14,0.6942156988423465,-0.5180823007329153,299.0,299.0,299.0
2019-12-15,0.6162102758955902,-0.5180823007329153,299.0,299.0,299.0
2019-12-16,0.6542617017226431,-0.5180823007329153,299.0,299.0,400.0
2019-12-17,0.9656492030816688,-0.5180823007329153,299.0,400.0,400.0
2019-12-18,0.8565684490418098,-0.22714836964153562,400.0,400.0,400.0
2019-12-19,0.664408748610434,-0.22714836964153562,400.0,400.0,400.0
2019-12-20,0.5394732338091588,-0.22714836964153562,400.0,400.0,400.0
2019-12-21,0.3999513391059272,-0.22714836964153562,400.0,400.0,400.0
2019-12-22,0.17735049801290895,-0.22714836964153562,400.0,400.0,400.0
2019-12-23,0.01690031910436557,-0.22714836964153562,400.0,400.0,400.0
2019-12-24,-0.12515833731951603,-0.22714836964153562,400.0,400.0,350.0
2019-12-25,-0.10993776698869485,-0.22714836964153562,400.0,350.0,350.0
2019-12-26,0.786173311259599,-0.37117506820162455,350.0,350.0,350.0
2019-12-27,0.8407136882795284,-0.37117506820162455,350.0,350.0,350.0
2019-12-28,0.6713848433452495,-0.37117506820162455,350.0,350.0,350.0
2019-12-29,0.5895742778157879,-0.37117506820162455,350.0,350.0,350.0
2019-12-30,0.42595314675513435,-0.37117506820162455,350.0,350.0,350.0
2019-12-31,0.5198133304641721,-0.37117506820162455,350.0,350.0,350.0
2020-01-01,0.4062932434110128,-0.37117506820162455,350.0,350.0,350.0
2020-01-02,0.1855949736089146,-0.37117506820162455,350.0,350.0,299.0
2020-01-03,0.08792964731717157,-0.37117506820162455,350.0,299.0,299.0
2020-01-04,-0.09915652967030887,-0.5180823007329153,299.0,299.0,299.0
2020-01-05,-0.1511601449687232,-0.5180823007329153,299.0,299.0,299.0
2020-01-06,-0.3705900339096312,-0.5180823007329153,299.0,299.0,299.0
2020-01-07,-0.35219851142583464,-0.5180823007329153,299.0,299.0,299.0
2020-01-08,-0.2754614693394033,-0.5180823007329153,299.0,299.0,299.0
2020-01-09,-0.3889815563934278,-0.5180823007329153,299.0,299.0,299.0
2020-01-10,-0.4986965008638818,-0.5180823007329153,299.0,299.0,299.0
2020-01-11,-0.48030497838008523,-0.5180823007329153,299.0,299.0,299.0
2020-01-12,-0.49235459655966135,-0.5180823007329153,299.0,299.0,299.0
2020-01-13,-0.5874831611290241,-0.5180823007329153,299.0,299.0,299.0
2020-01-14,-0.5874831611290241,-0.5180823007329153,299.0,299.0,299.0
2020-01-15,-0.6635860127848604,-0.5180823007329153,299.0,299.0,299.0
2020-01-16,-0.7720325763949893,-0.5180823007329153,299.0,299.0,299.0
2020-01-17,-0.8969680911962645,-0.5180823007329153,299.0,299.0,299.0
2020-01-18,-1.0161958921239145,-0.5180823007329153,299.0,299.0,299.0
2020-01-19,-1.1011774098063514,-0.5180823007329153,299.0,299.0,299.0
2020-01-20,-1.1684015954355869,-0.5180823007329153,299.0,299.0,249.0
2020-01-21,-1.2058188308337752,-0.5180823007329153,299.0,249.0,249.0
2020-01-22,-1.228649686330007,-0.6621089992930043,249.0,249.0,230.0
2020-01-23,-1.3060209188470333,-0.6621089992930043,249.0,230.0,230.0
2020-01-24,-1.2730430164630107,-0.7168391447458381,230.0,230.0,230.0
2020-01-25,-1.2375283523566076,-0.7168391447458381,230.0,230.0,230.0
2020-01-26,-1.1861589274887885,-0.7168391447458381,230.0,230.0,230.0
2020-01-27,-1.1392288356351348,-0.7168391447458381,230.0,230.0,230.0
2020-01-28,-1.2140633064297808,-0.7168391447458381,230.0,230.0,230.0
2020-01-29,-1.2603592078537047,-0.7168391447458381,230.0,230.0,230.0
2020-01-30,-1.2958738719592424,-0.7168391447458381,230.0,230.0,230.0
2020-01-31,-1.471544621198607,-0.7168391447458381,230.0,230.0,230.0
2020-02-01,-1.3890998652376851,-0.7168391447458381,230.0,230.0,230.0
2020-02-02,-1.5742834709342455,-0.7168391447458381,230.0,230.0,230.0
2020-02-03,-1.590772422126257,-0.7168391447458381,230.0,230.0,230.0
2020-02-04,-1.4747155733507171,-0.7168391447458381,230.0,230.0,230.0
2020-02-05,-1.5983827072916674,-0.7168391447458381,230.0,230.0,219.0
2020-02-06,-1.7195130795102374,-0.7168391447458381,230.0,219.0,219.0
2020-02-07,-1.7696141235177316,-0.7485250184290576,219.0,219.0,219.0
2020-02-08,-1.762638028782051,-0.7485250184290576,219.0,219.0,219.0
2020-02-09,-1.7943475503057487,-0.7485250184290576,219.0,219.0,199.0
2020-02-10,-1.822886119676471,-0.7485250184290576,219.0,199.0,199.0
2020-02-11,-1.8209835483846857,-0.8061356978530932,199.0,199.0,199.0
2020-02-12,-1.8102023110671648,-0.8061356978530932,199.0,199.0,199.0
2020-02-13,-1.849522117756273,-0.8061356978530932,199.0,199.0,199.0
2020-02-14,-1.824788690968256,-0.8061356978530932,199.0,199.0,199.0
2020-02-15,-1.8425460230214576,-0.8061356978530932,199.0,199.0,199.0
2020-02-16,-1.821479871330632,-0.8061356978530932,199.0,199.0,199.0
2020-02-17,-1.8222519292458759,-0.8061356978530932,199.0,199.0,199.0
2020-02-18,-1.8419118325908626,-0.8061356978530932,199.0,199.0,299.0
2020-02-19,-1.8330331665642619,-0.8061356978530932,199.0,299.0,299.0
2020-02-20,-1.860303355074659,-0.5180823007329153,299.0,299.0,299.0
2020-02-21,-1.8856709722932712,-0.5180823007329153,299.0,299.0,299.0
2020-02-22,-1.9034283043456075,-0.5180823007329153,299.0,299.0,280.0
2020-02-23,-2.0258270574253676,-0.5180823007329153,299.0,280.0,280.0
2020-02-24,-2.11397952726078,-0.5728124461857491,280.0,280.0,280.0
2020-02-25,-2.1552019052408085,-0.5728124461857491,280.0,280.0,280.0
2020-02-26,-2.1685199042807093,-0.5728124461857491,280.0,280.0,280.0
2020-02-27,-2.1907165693472113,-0.5728124461857491,280.0,280.0,280.0
2020-02-28,-2.2179867578567434,-0.5728124461857491,280.0,280.0,280.0
2020-02-29,-2.3143837032872963,-0.5728124461857491,280.0,280.0,280.0
2020-03-01,-2.3055050372615606,-0.5728124461857491,280.0,280.0,280.0
2020-03-02,-2.339751320505908,-0.5728124461857491,280.0,280.0,280.0
2020-03-03,-2.3638505568641954,-0.5728124461857491,280.0,280.0,280.0
2020-03-04,-2.1938875214993216,-0.5728124461857491,280.0,280.0,280.0
2020-03-05,-2.028998009578343,-0.5728124461857491,280.0,280.0,280.0
2020-03-06,-2.126663335870086,-0.5728124461857491,280.0,280.0,280.0
2020-03-07,-2.216084186565823,-0.5728124461857491,280.0,280.0,280.0
2020-03-08,-2.2890160860686843,-0.5728124461857491,280.0,280.0,280.0
2020-03-09,-2.271258754015483,-0.5728124461857491,280.0,280.0,280.0
2020-03-10,-2.2458911367968706,-0.5728124461857491,280.0,280.0,280.0
2020-03-11,-2.226231233452749,-0.5728124461857491,280.0,280.0,280.0
2020-03-12,-2.2243286621618292,-0.5728124461857491,280.0,280.0,280.0
2020-03-13,-2.3055050372615606,-0.5728124461857491,280.0,280.0,280.0
2020-03-14,-2.3739976037511212,-0.5728124461857491,280.0,280.0,280.0
2020-03-15,-2.4019019826921135,-0.5728124461857491,280.0,280.0,280.0
2020-03-16,-2.444392741533332,-0.5728124461857491,280.0,280.0,280.0
2020-03-17,-2.5921591118317044,-0.5728124461857491,280.0,280.0,280.0
2020-03-18,-2.6682619634875406,-0.5728124461857491,280.0,280.0,280.0
2020-03-19,-2.755780242891493,-0.5728124461857491,280.0,280.0,280.0
2020-03-20,-2.857884902196536,-0.5728124461857491,280.0,280.0,280.0
2020-03-21,-2.857884902196536,-0.5728124461857491,280.0,280.0,280.0
2020-03-22,-2.84203014143512,-0.5728124461857491,280.0,280.0,280.0
2020-03-23,-2.7145578649114643,-0.5728124461857491,280.0,280.0,280.0
2020-03-24,-2.578206922361208,-0.5728124461857491,280.0,280.0,280.0
2020-03-25,-2.5934274926928946,-0.5728124461857491,280.0,280.0,280.0
2020-03-26,-2.6080138725931206,-0.5728124461857491,280.0,280.0,280.0
2020-03-27,-2.5655231137527674,-0.5728124461857491,280.0,280.0,280.0
2020-03-28,-2.5471315912689705,-0.5728124461857491,280.0,280.0,280.0
2020-03-29,-2.578206922361208,-0.5728124461857491,280.0,280.0,280.0
2020-03-30,-2.48054159607033,-0.5728124461857491,280.0,280.0,280.0
2020-03-31,-2.393657507096108,-0.5728124461857491,280.0,280.0,280.0
2020-04-01,-2.3797053176256115,-0.5728124461857491,280.0,280.0,280.0
2020-04-02,-2.3816078889165317,-0.5728124461857491,280.0,280.0,280.0
2020-04-03,-2.421561886036235,-0.5728124461857491,280.0,280.0,280.0
2020-04-04,-2.420927695606505,-0.5728124461857491,280.0,280.0,280.0
2020-04-05,-2.4507346458375525,-0.5728124461857491,280.0,280.0,280.0
2020-04-06,-2.501469880274777,-0.5728124461857491,280.0,280.0,280.0
2020-04-07,-2.524934926202469,-0.5728124461857491,280.0,280.0,280.0
2020-04-08,-2.5306426400769593,-0.5728124461857491,280.0,280.0,280.0
2020-04-09,-2.5851830170968886,-0.5728124461857491,280.0,280.0,280.0
2020-04-10,-2.6187951099115065,-0.5728124461857491,280.0,280.0,280.0
2020-04-11,-2.6295763472290274,-0.5728124461857491,280.0,280.0,280.0
2020-04-12,-2.609916443884906,-0.5728124461857491,280.0,280.0,280.0
2020-04-13,-2.3327752257710928,-0.5728124461857491,280.0,280.0,280.0
2020-04-14,-2.3365803683537982,-0.5728124461857491,280.0,280.0,280.0
2020-04-15,-2.370826651599011,-0.5728124461857491,280.0,280.0,280.0
2020-04-16,-2.419659314745315,-0.5728124461857491,280.0,280.0,280.0
2020-04-17,-2.285210943486844,-0.5728124461857491,280.0,280.0,280.0
2020-04-18,-2.0454869607703543,-0.5728124461857491,280.0,280.0,280.0
2020-04-19,-1.9960201071943202,-0.5728124461857491,280.0,280.0,280.0
2020-04-20,-1.9560661100746168,-0.5728124461857491,280.0,280.0,280.0
2020-04-21,-1.9262591598427043,-0.5728124461857491,280.0,280.0,280.0
2020-04-22,-1.919283065107889,-0.5728124461857491,280.0,280.0,280.0
2020-04-23,-1.8907423887910906,-0.5728124461857491,280.0,280.0,280.0
2020-04-24,-1.8901103053057065,-0.5728124461857491,280.0,280.0,280.0
2020-04-25,-1.944650682326501,-0.5728124461857491,280.0,280.0,280.0
2020-04-26,-1.9427481110347158,-0.5728124461857491,280.0,280.0,280.0
2020-04-27,-1.923088207689729,-0.5728124461857491,280.0,280.0,280.0
2020-04-28,-1.9275275407038945,-0.5728124461857491,280.0,280.0,280.0
2020-04-29,-1.9243565885509193,-0.5728124461857491,280.0,280.0,280.0
2020-04-30,-1.9281617311344896,-0.5728124461857491,280.0,280.0,280.0
2020-05-01,-1.968749918683923,-0.5728124461857491,280.0,280.0,280.0
2020-05-02,-1.909136018220098,-0.5728124461857491,280.0,280.0,280.0
2020-05-03,-1.2967010768688647,-0.5728124461857491,280.0,280.0,280.0
2020-05-04,-0.38263965208834216,-0.5728124461857491,280.0,280.0,280.0
2020-05-05,-0.36805327218811607,-0.5728124461857491,280.0,280.0,280.0
2020-05-06,-0.343954035829829,-0.5728124461857491,280.0,280.0,300.0
2020-05-07,-0.40800726930781944,-0.5728124461857491,280.0,300.0,300.0
2020-05-08,-0.44352193341335727,-0.5152017667617135,300.0,300.0,300.0
2020-05-09,-0.38390803294953235,-0.5152017667617135,300.0,300.0,300.0
2020-05-10,-0.37249260520141647,-0.5152017667617135,300.0,300.0,300.0
2020-05-11,-0.37249260520141647,-0.5152017667617135,300.0,300.0,300.0
2020-05-12,-0.3718584147708214,-0.5152017667617135,300.0,300.0,300.0
2020-05-13,-0.3984944128506236,-0.5152017667617135,300.0,300.0,300.0
2020-05-14,-0.47523145493705493,-0.5152017667617135,300.0,300.0,300.0
2020-05-15,-0.49615973914236666,-0.5152017667617135,300.0,300.0,300.0
2020-05-16,-0.5304060223867143,-0.5152017667617135,300.0,300.0,300.0
2020-05-17,-0.5342111649702848,-0.5152017667617135,300.0,300.0,300.0
2020-05-18,-0.585580589838104,-0.5152017667617135,300.0,300.0,300.0
2020-05-19,-0.634413252983543,-0.5152017667617135,300.0,300.0,300.0
2020-05-20,-0.6971981055994781,-0.5152017667617135,300.0,300.0,300.0
2020-05-21,-0.7187605802353849,-0.5152017667617135,300.0,300.0,300.0
2020-05-22,-0.7587145773550883,-0.5152017667617135,300.0,300.0,300.0
2020-05-23,-0.8018395266269018,-0.5152017667617135,300.0,300.0,300.0
2020-05-24,-0.7016374386127785,-0.5152017667617135,300.0,300.0,300.0
2020-05-25,-0.0065647268224612735,-0.5152017667617135,300.0,300.0,300.0
2020-05-26,0.07080650569456515,-0.5152017667617135,300.0,300.0,300.0
2020-05-27,0.06256203009855947,-0.5152017667617135,300.0,300.0,0.0
2020-05-28,0.05178079278017349,-0.5152017667617135,300.0,0.0,0.0
2020-05-29,0.08222193344268103,-1.3793619581222472,0.0,0.0,0.0
2020-05-30,0.03465765115756707,-1.3793619581222472,0.0,0.0,0.0
2020-05-31,-0.17969871433944548,-1.3793619581222472,0.0,0.0,0.0
2020-06-01,-0.2760956597699984,-1.3793619581222472,0.0,0.0,0.0
2020-06-02,-0.14862338324634286,-1.3793619581222472,0.0,0.0,0.0
2020-06-03,-0.14418405023390768,-1.3793619581222472,0.0,0.0,0.0
2020-06-04,0.35746058026470867,-1.3793619581222472,0.0,0.0,0.0
2020-06-05,0.4196112424509139,-1.3793619581222472,0.0,0.0,0.0
2020-06-06,0.372681150596395,-1.3793619581222472,0.0,0.0,0.0
2020-06-07,0.28706544248336296,-1.3793619581222472,0.0,0.0,0.0
2020-06-08,0.18052145016501914,-1.3793619581222472,0.0,0.0,0.0
2020-06-09,0.07524583870786551,-1.3793619581222472,0.0,0.0,399.0
2020-06-10,-0.0008570129479707378,-1.3793619581222472,0.0,399.0,399.0
2020-06-11,-0.1758935717567402,-0.2300289036127374,399.0,399.0,399.0
2020-06-12,-0.35156432099610474,-0.2300289036127374,399.0,399.0,399.0
2020-06-13,-0.43844840996946177,-0.2300289036127374,399.0,399.0,399.0
2020-06-14,-0.5969960175862199,-0.2300289036127374,399.0,399.0,399.0
2020-06-15,-0.7282734366925807,-0.2300289036127374,399.0,399.0,399.0
2020-06-16,-0.8557457132162363,-0.2300289036127374,399.0,399.0,399.0
2020-06-17,-0.9660948481172853,-0.2300289036127374,399.0,399.0,750.0
2020-06-18,-0.8690637122561373,-0.2300289036127374,399.0,750.0,750.0
2020-06-19,-0.35346689228702477,0.781038520279087,750.0,750.0,750.0
2020-06-20,-0.08139919761710737,0.781038520279087,750.0,750.0,750.0
2020-06-21,-0.4479612664266576,0.781038520279087,750.0,750.0,750.0
2020-06-22,-0.7593487677856834,0.781038520279087,750.0,750.0,750.0
2020-06-23,-1.02444036771992,0.781038520279087,750.0,750.0,750.0
2020-06-24,-1.1899640700723588,0.781038520279087,750.0,750.0,750.0
2020-06-25,-1.3548535819924723,0.781038520279087,750.0,750.0,750.0
2020-06-26,-1.4633001456026014,0.781038520279087,750.0,750.0,750.0
2020-06-27,-1.289531967655022,0.781038520279087,750.0,750.0,750.0
2020-06-28,-0.9445323734813785,0.781038520279087,750.0,750.0,750.0
2020-06-29,-1.0624917935487035,0.781038520279087,750.0,750.0,750.0
2020-06-30,-1.299679014542813,0.781038520279087,750.0,750.0,750.0
2020-07-01,-1.5844305178211713,0.781038520279087,750.0,750.0,750.0
2020-07-02,-1.8330331665642619,0.781038520279087,750.0,750.0,449.0
2020-07-03,-1.9909465837504248,0.781038520279087,750.0,449.0,449.0
2020-07-04,-2.029632200008938,-0.08600220505264844,449.0,449.0,449.0
2020-07-05,-1.8476195464644878,-0.08600220505264844,449.0,449.0,449.0
2020-07-06,-1.0637601744090284,-0.08600220505264844,449.0,449.0,470.0
2020-07-07,-0.8100840022229076,-0.08600220505264844,449.0,470.0,490.0
2020-07-08,-0.6426577285795486,-0.025510991657411084,470.0,490.0,490.0
2020-07-09,-0.5900199228505393,0.032099687766624495,490.0,490.0,490.0
2020-07-10,-0.5887515419902143,0.032099687766624495,490.0,490.0,490.0
2020-07-11,-0.5652864960625222,0.032099687766624495,490.0,490.0,490.0
2020-07-12,-0.53865049798272,0.032099687766624495,490.0,490.0,490.0
2020-07-13,-0.47586564536765,0.032099687766624495,490.0,490.0,490.0
2020-07-14,-0.36678489132692593,0.032099687766624495,490.0,490.0,490.0
2020-07-15,-0.2634118511615575,0.032099687766624495,490.0,490.0,490.0
2020-07-16,-0.09471719665700849,0.032099687766624495,490.0,490.0,490.0
2020-07-17,0.023876413840046268,0.032099687766624495,490.0,490.0,490.0
2020-07-18,0.07588002913759541,0.032099687766624495,490.0,490.0,490.0
2020-07-19,0.18305821188739949,0.032099687766624495,490.0,490.0,0.0
2020-07-20,0.2471114453636596,0.032099687766624495,490.0,0.0,0.0
2020-07-21,0.6935815084117514,-1.3793619581222472,0.0,0.0,600.0
2020-07-22,0.7912468347034944,-1.3793619581222472,0.0,600.0,600.0
2020-07-23,0.6707506529155196,0.3489584245988202,600.0,600.0,600.0
2020-07-24,0.628259894073436,0.3489584245988202,600.0,600.0,600.0
2020-07-25,0.5198133304641721,0.3489584245988202,600.0,600.0,600.0
2020-07-26,0.3339955343378818,0.3489584245988202,600.0,600.0,600.0
2020-07-27,0.21476773341023198,0.3489584245988202,600.0,600.0,600.0
2020-07-28,0.11393145496637873,0.3489584245988202,600.0,600.0,600.0
2020-07-29,0.00041136791235423393,0.3489584245988202,600.0,600.0,600.0
2020-07-30,-0.12388995645832587,0.3489584245988202,600.0,600.0,600.0
2020-07-31,-0.17779614304852545,0.3489584245988202,600.0,600.0,449.0
2020-08-01,-0.24882547126046625,0.3489584245988202,600.0,449.0,449.0
2020-08-02,-0.31097613344580627,-0.08600220505264844,449.0,449.0,449.0
2020-08-03,-0.3591746061615153,-0.08600220505264844,449.0,449.0,449.0
2020-08-04,-0.35346689228702477,-0.08600220505264844,449.0,449.0,449.0
2020-08-05,-0.33634375066441835,-0.08600220505264844,449.0,449.0,449.0
2020-08-06,-0.2913162301016847,-0.08600220505264844,449.0,449.0,449.0
2020-08-07,0.11900497840940899,-0.08600220505264844,449.0,449.0,449.0
2020-08-08,0.24076954105943915,-0.08600220505264844,449.0,449.0,449.0
2020-08-09,0.22428058986742783,-0.08600220505264844,449.0,449.0,449.0
2020-08-10,0.23759858890646374,-0.08600220505264844,449.0,449.0,599.0
2020-08-11,0.4164402902979385,-0.08600220505264844,449.0,599.0,599.0
2020-08-12,0.49381152281496493,0.3460778906276184,599.0,599.0,599.0
2020-08-13,0.3067253458274845,0.3460778906276184,599.0,599.0,599.0
2020-08-14,0.17354535543020363,0.3460778906276184,599.0,599.0,599.0
2020-08-15,0.004216510495924717,0.3460778906276184,599.0,599.0,449.0
2020-08-16,-0.14545243109423267,0.3460778906276184,599.0,449.0,449.0
2020-08-17,-0.28243756407508397,-0.08600220505264844,449.0,449.0,449.0
2020-08-18,-0.18667480907512618,-0.08600220505264844,449.0,449.0,449.0
2020-08-19,0.2604294444035607,-0.08600220505264844,449.0,449.0,449.0
2020-08-20,0.714509792617063,-0.08600220505264844,449.0,449.0,449.0
2020-08-21,0.7874416921207892,-0.08600220505264844,449.0,449.0,449.0
2020-08-22,0.845153021293694,-0.08600220505264844,449.0,449.0,1200.0
2020-08-23,1.0614119580816266,-0.08600220505264844,449.0,1200.0,1200.0
2020-08-24,1.1825423303010616,2.0772788073198876,1200.0,1200.0,599.0
2020-08-25,0.6777267476503351,2.0772788073198876,1200.0,599.0,599.0
2020-08-26,0.2318908750328384,0.3460778906276184,599.0,599.0,599.0
2020-08-27,0.09490574205198707,0.3460778906276184,599.0,599.0,599.0
2020-08-28,0.010558414800145143,0.3460778906276184,599.0,599.0,599.0
2020-08-29,-0.0553973899679002,0.3460778906276184,599.0,599.0,599.0
2020-08-30,-0.20696890284897762,0.3460778906276184,599.0,599.0,599.0
2020-08-31,-0.29702394397617526,0.3460778906276184,599.0,599.0,299.0
2020-09-01,-0.3731267956320115,0.3460778906276184,599.0,299.0,299.0
2020-09-02,-0.36615070089633084,-0.5180823007329153,299.0,299.0,299.0
2020-09-03,-0.2894136588107647,-0.5180823007329153,299.0,299.0,299.0
2020-09-04,-0.21584756887644357,-0.5180823007329153,299.0,299.0,299.0
2020-09-05,-0.17525938132614513,-0.5180823007329153,299.0,299.0,299.0
2020-09-06,-0.06554443685569111,-0.5180823007329153,299.0,299.0,299.0
2020-09-07,0.11076050281340333,-0.5180823007329153,299.0,299.0,299.0
2020-09-08,0.18305821188739949,-0.5180823007329153,299.0,299.0,299.0
2020-09-09,0.17671630758231385,-0.5180823007329153,299.0,299.0,299.0
2020-09-10,0.21603611427142214,-0.5180823007329153,299.0,299.0,299.0
2020-09-11,0.18369240231712936,-0.5180823007329153,299.0,299.0,299.0
2020-09-12,0.177984688443504,-0.5180823007329153,299.0,299.0,299.0
2020-09-13,0.13042040615839007,-0.5180823007329153,299.0,299.0,299.0
2020-09-14,0.13422554874109535,-0.5180823007329153,299.0,299.0,299.0
2020-09-15,0.13359135831050029,-0.5180823007329153,299.0,299.0,299.0
2020-09-16,0.1102090328748087,-0.5180823007329153,299.0,299.0,299.0
2020-09-17,0.10315021764799273,-0.5180823007329153,299.0,299.0,299.0
2020-09-18,0.07461164827727043,-0.5180823007329153,299.0,299.0,299.0
2020-09-19,0.08539288559479123,-0.5180823007329153,299.0,299.0,299.0
2020-09-20,0.07461164827727043,-0.5180823007329153,299.0,299.0,299.0
2020-09-21,0.04543888847595306,-0.5180823007329153,299.0,299.0,299.0
2020-09-22,0.001679748773544395,-0.5180823007329153,299.0,299.0,299.0
2020-09-23,-0.0446161526503794,-0.5180823007329153,299.0,299.0,299.0
2020-09-24,0.03529184158816215,-0.5180823007329153,299.0,299.0,299.0
2020-09-25,0.021339652118531133,-0.5180823007329153,299.0,299.0,299.0
2020-09-26,0.05685431622406894,-0.5180823007329153,299.0,299.0,299.0
2020-09-27,0.20881185806320082,-0.5180823007329153,299.0,299.0,299.0
2020-09-28,0.20842582910601157,-0.5180823007329153,299.0,299.0,299.0
2020-09-29,0.2356960176155437,-0.5180823007329153,299.0,299.0,299.0
2020-09-30,0.2718448721516766,-0.5180823007329153,299.0,299.0,299.0
2020-10-01,0.3067253458274845,-0.5180823007329153,299.0,299.0,299.0
2020-10-02,0.31496982142349017,-0.5180823007329153,299.0,299.0,299.0
2020-10-03,0.25155077837695994,-0.5180823007329153,299.0,299.0,299.0
2020-10-04,0.20969420996633653,-0.5180823007329153,299.0,299.0,299.0
2020-10-05,0.1963762109264354,-0.5180823007329153,299.0,299.0,299.0
2020-10-06,0.16593507026479307,-0.5180823007329153,299.0,299.0,299.0
2020-10-07,0.07524583870786551,-0.5180823007329153,299.0,299.0,299.0
2020-10-08,0.08285612387327611,-0.5180823007329153,299.0,299.0,299.0
2020-10-09,0.07334326741608027,-0.5180823007329153,299.0,299.0,299.0
2020-10-10,0.04099955546265268,-0.5180823007329153,299.0,299.0,299.0
2020-10-11,-0.10803519569690961,-0.5180823007329153,299.0,299.0,299.0
2020-10-12,-0.10993776698869485,-0.5180823007329153,299.0,299.0,299.0
2020-10-13,0.2103284003969316,-0.5180823007329153,299.0,299.0,299.0
2020-10-14,0.23442763675521872,-0.5180823007329153,299.0,299.0,299.0
2020-10-15,0.19447363963551537,-0.5180823007329153,299.0,299.0,299.0
2020-10-16,0.1760821171517188,-0.5180823007329153,299.0,299.0,299.0
2020-10-17,0.10822374109188819,-0.5180823007329153,299.0,299.0,300.0
2020-10-18,0.07207488655575531,-0.5180823007329153,299.0,300.0,300.0
2020-10-19,0.02577898513096632,-0.5152017667617135,300.0,300.0,300.0
2020-10-20,-0.04778710480248961,-0.5152017667617135,300.0,300.0,300.0
2020-10-21,-0.04715291437189453,-0.5152017667617135,300.0,300.0,300.0
2020-10-22,-0.0446161526503794,-0.5152017667617135,300.0,300.0,300.0
2020-10-23,-0.09027786364370811,-0.5152017667617135,300.0,300.0,300.0
2020-10-24,-0.1257925277501111,-0.5152017667617135,300.0,300.0,300.0
2020-10-25,-0.17779614304852545,-0.5152017667617135,300.0,300.0,300.0
2020-10-26,-0.2469228999695462,-0.5152017667617135,300.0,300.0,300.0
2020-10-27,-0.34458822626042407,-0.5152017667617135,300.0,300.0,300.0
2020-10-28,-0.404836317154844,-0.5152017667617135,300.0,300.0,300.0
2020-10-29,-0.404202126724249,-0.5152017667617135,300.0,300.0,300.0
2020-10-30,-0.36932165304844106,-0.5152017667617135,300.0,300.0,300.0
2020-10-31,-0.3014081299950971,-0.5152017667617135,300.0,300.0,300.0
2020-11-01,-0.4029337458630588,-0.5152017667617135,300.0,300.0,300.0
2020-11-02,-0.4587425037450436,-0.5152017667617135,300.0,300.0,300.0
2020-11-03,-0.3579062253003252,-0.5152017667617135,300.0,300.0,300.0
2020-11-04,-0.3788345095056369,-0.5152017667617135,300.0,300.0,400.0
2020-11-05,0.018168699965555733,-0.5152017667617135,300.0,400.0,400.0
2020-11-06,0.5940136108282231,-0.22714836964153562,400.0,400.0,400.0
2020-11-07,0.483664475927174,-0.22714836964153562,400.0,400.0,400.0
2020-11-08,0.6986550318556468,-0.22714836964153562,400.0,400.0,400.0
2020-11-09,0.7817339782462986,-0.22714836964153562,400.0,400.0,500.0
2020-11-10,0.7918810251340895,-0.22714836964153562,400.0,500.0,500.0
2020-11-11,1.003700628909587,0.060905027478642286,500.0,500.0,500.0
2020-11-12,0.7208516969221487,0.060905027478642286,500.0,500.0,500.0
2020-11-13,0.5553279945705751,0.060905027478642286,500.0,500.0,500.0
2020-11-14,0.21286516211844675,0.060905027478642286,500.0,500.0,500.0
2020-11-15,-0.04334777178918924,0.060905027478642286,500.0,500.0,399.0
2020-11-16,-0.29448718225379494,0.060905027478642286,500.0,399.0,399.0
2020-11-17,-0.500599072155667,-0.2300289036127374,399.0,399.0,299.0
2020-11-18,-0.6065088740434158,-0.2300289036127374,399.0,299.0,299.0
2020-11-19,-0.6895878204340675,-0.5180823007329153,299.0,299.0,299.0
2020-11-20,-0.6743672501032464,-0.5180823007329153,299.0,299.0,299.0
2020-11-21,-0.7434940070234018,-0.5180823007329153,299.0,299.0,299.0
2020-11-22,-0.7790086711298049,-0.5180823007329153,299.0,299.0,299.0
2020-11-23,-0.8056446692096071,-0.5180823007329153,299.0,299.0,299.0
2020-11-24,-0.7542752443417879,-0.5180823007329153,299.0,299.0,299.0
2020-11-25,-0.0871069114915979,-0.5180823007329153,299.0,299.0,299.0
2020-11-26,0.16910602241690326,-0.5180823007329153,299.0,299.0,310.0
2020-11-27,0.14373840519829117,-0.5180823007329153,299.0,310.0,310.0
2020-11-28,0.08349031430387119,-0.4863964270496957,310.0,310.0,310.0
2020-11-29,0.1361281200320154,-0.4863964270496957,310.0,310.0,310.0
2020-11-30,0.2280857324501331,-0.4863964270496957,310.0,310.0,310.0
2020-12-01,0.42087962331210405,-0.4863964270496957,310.0,310.0,310.0
2020-12-02,0.3980487678150071,-0.4863964270496957,310.0,310.0,310.0
2020-12-03,0.28008934774768224,-0.4863964270496957,310.0,310.0,310.0
2020-12-04,0.21667030470201723,-0.4863964270496957,310.0,310.0,310.0
2020-12-05,0.154519642515812,-0.4863964270496957,310.0,310.0,310.0
2020-12-06,0.05304917364136365,-0.4863964270496957,310.0,310.0,310.0
2020-12-07,0.04670726933714322,-0.4863964270496957,310.0,310.0,310.0
2020-12-08,0.0010455583429493144,-0.4863964270496957,310.0,310.0,310.0
2020-12-09,0.03529184158816215,-0.4863964270496957,310.0,310.0,310.0
2020-12-10,0.09871088463469237,-0.4863964270496957,310.0,310.0,310.0
2020-12-11,-0.03256653447166844,-0.4863964270496957,310.0,310.0,298.0
2020-12-12,-0.2259946157633693,-0.4863964270496957,310.0,298.0,298.0
2020-12-13,-0.30843937172429114,-0.5209628347041171,298.0,298.0,298.0
2020-12-14,-0.3014632769886105,-0.5209628347041171,298.0,298.0,298.0
2020-12-15,-0.3591746061615153,-0.5209628347041171,298.0,298.0,298.0
2020-12-16,-0.5056725955986973,-0.5209628347041171,298.0,298.0,298.0
2020-12-17,-0.6115823974873112,-0.5209628347041171,298.0,298.0,298.0
2020-12-18,-0.620461063513912,-0.5209628347041171,298.0,298.0,298.0
2020-12-19,-0.7136870567923547,-0.5209628347041171,298.0,298.0,298.0
2020-12-20,-0.8436960950375253,-0.5209628347041171,298.0,298.0,199.0
2020-12-21,-0.9197989466933615,-0.5209628347041171,298.0,199.0,199.0
2020-12-22,-0.9369220883159679,-0.8061356978530932,199.0,199.0,199.0
2020-12-23,-0.8779444852270838,-0.8061356978530932,199.0,199.0,199.0
2020-12-24,-0.8475012376202306,-0.8061356978530932,199.0,199.0,199.0
2020-12-25,-0.8716004739776525,-0.8061356978530932,199.0,199.0,199.0
2020-12-26,-0.9071151380840555,-0.8061356978530932,199.0,199.0,199.0
2020-12-27,-0.8639901888122419,-0.8061356978530932,199.0,199.0,199.0
2020-12-28,-0.829109715136434,-0.8061356978530932,199.0,199.0,199.0
2020-12-29,-0.9274092318587721,-0.8061356978530932,199.0,199.0,199.0
2020-12-30,-0.9210673275536865,-0.8061356978530932,199.0,199.0,199.0
2020-12-31,-0.8976022816268596,-0.8061356978530932,199.0,199.0,199.0
2021-01-01,-0.8627218079510517,-0.8061356978530932,199.0,199.0,199.0
2021-01-02,-0.7986685744747917,-0.8061356978530932,199.0,199.0,199.0
2021-01-03,-0.5411872597051003,-0.8061356978530932,199.0,199.0,199.0
2021-01-04,0.05304917364136365,-0.8061356978530932,199.0,199.0,199.0
2021-01-05,0.18496078317831952,-0.8061356978530932,199.0,199.0,199.0
2021-01-06,0.19891297264881572,-0.8061356978530932,199.0,199.0,199.0
2021-01-07,0.19193687791313505,-0.8061356978530932,199.0,199.0,199.0
2021-01-08,0.3333613439072867,-0.8061356978530932,199.0,199.0,199.0
2021-01-09,0.409464195563123,-0.8061356978530932,199.0,199.0,199.0
2021-01-10,0.3333613439072867,-0.8061356978530932,199.0,199.0,199.0
2021-01-11,0.29848087023147885,-0.8061356978530932,199.0,199.0,199.0
2021-01-12,0.3308245821849064,-0.8061356978530932,199.0,199.0,199.0
2021-01-13,0.299749251092669,-0.8061356978530932,199.0,199.0,199.0
2021-01-14,0.26930811043016145,-0.8061356978530932,199.0,199.0,199.0
2021-01-15,0.24837982622484975,-0.8061356978530932,199.0,199.0,199.0
2021-01-16,0.2185728759929373,-0.8061356978530932,199.0,199.0,199.0
2021-01-17,0.15261707122402673,-0.8061356978530932,199.0,199.0,199.0
2021-01-18,0.009924224369550063,-0.8061356978530932,199.0,199.0,199.0
2021-01-19,0.002948129634734556,-0.8061356978530932,199.0,199.0,199.0
2021-01-20,-0.061105103842390734,-0.8061356978530932,199.0,199.0,199.0
2021-01-21,-0.14608662152482774,-0.8061356978530932,199.0,199.0,199.0
2021-01-22,-0.24248356695538062,-0.8061356978530932,199.0,199.0,199.0
2021-01-23,-0.3991286032812187,-0.8061356978530932,199.0,199.0,199.0
2021-01-24,-0.5044042147383724,-0.8061356978530932,199.0,199.0,199.0
2021-01-25,-0.5678232577849025,-0.8061356978530932,199.0,199.0,199.0
2021-01-26,-0.5646523056319271,-0.8061356978530932,199.0,199.0,199.0
2021-01-27,-0.4872810731157659,-0.8061356978530932,199.0,199.0,199.0
2021-01-28,-0.6318764912620278,-0.8061356978530932,199.0,199.0,199.0
2021-01-29,-0.6971981056003433,-0.8061356978530932,199.0,199.0,199.0
2021-01-30,-0.8246703821239988,-0.8061356978530932,199.0,199.0,199.0
2021-01-31,-0.9343853265944528,-0.8061356978530932,199.0,199.0,199.0
2021-02-01,-0.9908282749053023,-0.8061356978530932,199.0,199.0,199.0
2021-02-02,-1.046002842355827,-0.8061356978530932,199.0,199.0,199.0
2021-02-03,-1.1005432193757563,-0.8061356978530932,199.0,199.0,199.0
2021-02-04,-1.1791828327539728,-0.8061356978530932,199.0,199.0,199.0
2021-02-05,-1.2984106336816228,-0.8061356978530932,199.0,199.0,199.0
2021-02-06,-1.4201751963307878,-0.8061356978530932,199.0,199.0,199.0
2021-02-07,-1.5400371876890326,-0.8061356978530932,199.0,199.0,199.0
2021-02-08,-1.6097981350397832,-0.8061356978530932,199.0,199.0,199.0
2021-02-09,-1.63072641924596,-0.8061356978530932,199.0,199.0,199.0
2021-02-10,-1.3922708173906604,-0.8061356978530932,199.0,199.0,199.0
2021-02-11,-1.3047525379858431,-0.8061356978530932,199.0,199.0,199.0
2021-02-12,-1.4525189082850805,-0.8061356978530932,199.0,199.0,199.0
2021-02-13,-1.434127385801284,-0.8061356978530932,199.0,199.0,199.0
2021-02-14,-1.543842330271738,-0.8061356978530932,199.0,199.0,199.0
2021-02-15,-1.3377304403698658,-0.8061356978530932,199.0,199.0,199.0
2021-02-16,-0.9337511361638577,-0.8061356978530932,199.0,199.0,199.0
2021-02-17,-1.0783189808124978,-0.8061356978530932,199.0,199.0,199.0
2021-02-18,-1.1132270279859275,-0.8061356978530932,199.0,199.0,199.0
2021-02-19,-1.1607913102701763,-0.8061356978530932,199.0,199.0,199.0
2021-02-20,-1.2197710203034062,-0.8061356978530932,199.0,199.0,199.0
2021-02-21,-1.240065114078988,-0.8061356978530932,199.0,199.0,199.0
2021-02-22,-1.26606692172733,-0.8061356978530932,199.0,199.0,199.0
2021-02-23,-1.2857268250723166,-0.8061356978530932,199.0,199.0,199.0
2021-02-24,-1.4220777676225729,-0.8061356978530932,199.0,199.0,199.0
2021-02-25,-1.5051567140132247,-0.8061356978530932,199.0,199.0,199.0
2021-02-26,-1.5679415666291598,-0.8061356978530932,199.0,199.0,199.0
2021-02-27,-1.6269212766623897,-0.8061356978530932,199.0,199.0,199.0
2021-02-28,-1.6269212766623897,-0.8061356978530932,199.0,199.0,199.0
2021-03-01,-1.604724611596753,-0.8061356978530932,199.0,199.0,200.0
2021-03-02,-1.5749176613639753,-0.8061356978530932,199.0,200.0,200.0
2021-03-03,-1.6129690871927587,-0.8032551638818914,200.0,200.0,200.0
2021-03-04,-1.4918387149733237,-0.8032551638818914,200.0,200.0,200.0
2021-03-05,-1.2825558729193414,-0.8032551638818914,200.0,200.0,200.0
2021-03-06,-1.3168021561654193,-0.8032551638818914,200.0,200.0,200.0
2021-03-07,-1.4385667188145843,-0.8032551638818914,200.0,200.0,200.0
2021-03-08,-1.6377025139807757,-0.8032551638818914,200.0,200.0,200.0
2021-03-09,-1.6618017503381977,-0.8032551638818914,200.0,200.0,200.0
2021-03-10,-1.6725829876565836,-0.8032551638818914,200.0,200.0,200.0
2021-03-11,-1.5406713781196277,-0.8032551638818914,200.0,200.0,200.0
2021-03-12,-1.1734751188794823,-0.8032551638818914,200.0,200.0,200.0
2021-03-13,-1.2242103533175717,-0.8032551638818914,200.0,200.0,200.0
2021-03-14,-1.2628959695752198,-0.8032551638818914,200.0,200.0,200.0
2021-03-15,-1.2362599714954174,-0.8032551638818914,200.0,200.0,200.0
2021-03-16,-1.2939713006683224,-0.8032551638818914,200.0,200.0,200.0
2021-03-17,-1.3199731083175295,-0.8032551638818914,200.0,200.0,200.0
2021-03-18,-1.409393959013267,-0.8032551638818914,200.0,200.0,200.0
2021-03-19,-1.5546235675892588,-0.8032551638818914,200.0,200.0,200.0
2021-03-20,-1.664338512060578,-0.8032551638818914,200.0,200.0,200.0
2021-03-21,-1.753125172324855,-0.8032551638818914,200.0,200.0,200.0
2021-03-22,-1.8266912622591762,-0.8032551638818914,200.0,200.0,200.0
2021-03-23,-1.8996231617629022,-0.8032551638818914,200.0,200.0,200.0
2021-03-24,-1.9370403971610903,-0.8032551638818914,200.0,200.0,200.0
2021-03-25,-2.006801344511841,-0.8032551638818914,200.0,200.0,200.0
2021-03-26,-2.0194851531211473,-0.8032551638818914,200.0,200.0,200.0
2021-03-27,-2.0410476277570537,-0.8032551638818914,200.0,200.0,200.0
2021-03-28,-2.101929909081204,-0.8032551638818914,200.0,200.0,200.0
2021-03-29,-1.968749918683923,-0.8032551638818914,200.0,200.0,200.0
2021-03-30,-1.5806253752384658,-0.8032551638818914,200.0,200.0,200.0
2021-03-31,-1.3370962499392707,-0.8032551638818914,200.0,200.0,200.0
2021-04-01,-1.1163979801380377,-0.8032551638818914,200.0,200.0,200.0
2021-04-02,-1.194403403084794,-0.8032551638818914,200.0,200.0,200.0
2021-04-03,-1.1893298796417637,-0.8032551638818914,200.0,200.0,200.0
2021-04-04,-1.2343574002044975,-0.8032551638818914,200.0,200.0,200.0
2021-04-05,-1.3345594882177556,-0.8032551638818914,200.0,200.0,200.0
2021-04-06,-1.3313885360656454,-0.8032551638818914,200.0,200.0,200.0
2021-04-07,-1.2857268250714515,-0.8032551638818914,200.0,200.0,200.0
2021-04-08,-1.2755797781845257,-0.8032551638818914,200.0,200.0,200.0
2021-04-09,-1.2146974968603759,-0.8032551638818914,200.0,200.0,200.0
2021-04-10,-0.9686316098396657,-0.8032551638818914,200.0,200.0,200.0
2021-04-11,-0.6540731563285297,-0.8032551638818914,200.0,200.0,200.0
2021-04-12,-0.5221615467915738,-0.8032551638818914,200.0,200.0,200.0
2021-04-13,-0.42956974394286107,-0.8032551638818914,200.0,200.0,200.0
2021-04-14,-0.3312702272213881,-0.8032551638818914,200.0,200.0,200.0
2021-04-15,-0.2919504205322798,-0.8032551638818914,200.0,200.0,200.0
2021-04-16,-0.33761213152560854,-0.8032551638818914,200.0,200.0,200.0
2021-04-17,-0.28751108751897947,-0.8032551638818914,200.0,200.0,200.0
2021-04-18,-0.31034194301521123,-0.8032551638818914,200.0,200.0,200.0
2021-04-19,-0.32746508463781765,-0.8032551638818914,200.0,200.0,200.0
2021-04-20,-0.2615092798697723,-0.8032551638818914,200.0,200.0,200.0
2021-04-21,0.7348038863926449,-0.8032551638818914,200.0,200.0,200.0
2021-04-22,0.7696843600675877,-0.8032551638818914,200.0,200.0,200.0
2021-04-23,0.8071015954649107,-0.8032551638818914,200.0,200.0,200.0
2021-04-24,0.796954548577985,-0.8032551638818914,200.0,200.0,200.0
2021-04-25,0.7164123639088483,-0.8032551638818914,200.0,200.0,200.0
2021-04-26,0.6815318902330404,-0.8032551638818914,200.0,200.0,200.0
2021-04-27,0.6669455103328144,-0.8032551638818914,200.0,200.0,200.0
2021-04-28,0.6384069409612269,-0.8032551638818914,200.0,200.0,200.0
2021-04-29,0.6092341811599095,-0.8032551638818914,200.0,200.0,200.0
2021-04-30,0.5565963754317652,-0.8032551638818914,200.0,200.0,200.0
2021-05-01,0.519179140033577,-0.8032551638818914,200.0,200.0,200.0
2021-05-02,0.4316608606296249,-0.8032551638818914,200.0,200.0,200.0
2021-05-03,0.3422400099338875,-0.8032551638818914,200.0,200.0,200.0
2021-05-04,0.3035543936753743,-0.8032551638818914,200.0,200.0,200.0
2021-05-05,0.24267211235122438,-0.8032551638818914,200.0,200.0,200.0
2021-05-06,0.22428058986742783,-0.8032551638818914,200.0,200.0,200.0
2021-05-07,0.23696439847673387,-0.8032551638818914,200.0,200.0,200.0
2021-05-08,0.2616978252647509,-0.8032551638818914,200.0,200.0,200.0
2021-05-09,0.2921389659272584,-0.8032551638818914,200.0,200.0,200.0
2021-05-10,0.3320929630460966,-0.8032551638818914,200.0,200.0,200.0
2021-05-11,0.4139035285764234,-0.8032551638818914,200.0,200.0,200.0
2021-05-12,0.458931049139157,-0.8032551638818914,200.0,200.0,200.0
2021-05-13,0.4582968587085619,-0.8032551638818914,200.0,200.0,200.0
2021-05-14,0.4189770520203188,-0.8032551638818914,200.0,200.0,200.0
2021-05-15,0.652359130431723,-0.8032551638818914,200.0,200.0,200.0
2021-05-16,0.7290961725181544,-0.8032551638818914,200.0,200.0,200.0
2021-05-17,0.7430483619886505,-0.8032551638818914,200.0,200.0,209.0
2021-05-18,0.7430483619886505,-0.8032551638818914,200.0,209.0,209.0
2021-05-19,0.7455851237101657,-0.7773303581410754,209.0,209.0,209.0
2021-05-20,0.7627082653327721,-0.7773303581410754,209.0,209.0,209.0
2021-05-21,0.7728553122196978,-0.7773303581410754,209.0,209.0,209.0
2021-05-22,0.7208516969221487,-0.7773303581410754,209.0,209.0,209.0
2021-05-23,0.6428462739745272,-0.7773303581410754,209.0,209.0,209.0
2021-05-24,0.551695813014317,-0.7773303581410754,209.0,209.0,209.0
2021-05-25,0.49381152281496493,-0.7773303581410754,209.0,209.0,209.0
2021-05-26,0.41009838599371806,-0.7773303581410754,209.0,209.0,209.0
2021-05-27,0.3200433448673856,-0.7773303581410754,209.0,209.0,209.0
2021-05-28,0.3206775352979807,-0.7773303581410754,209.0,209.0,209.0
2021-05-29,0.6587010347368086,-0.7773303581410754,209.0,209.0,300.0
2021-05-30,1.1400515714598431,-0.7773303581410754,209.0,300.0,300.0
2021-05-31,1.123562620267832,-0.5152017667617135,300.0,300.0,300.0
2021-06-01,0.9478918710284673,-0.5152017667617135,300.0,300.0,300.0
2021-06-02,0.8001255007300951,-0.5152017667617135,300.0,300.0,300.0
2021-06-03,0.664408748610434,-0.5152017667617135,300.0,300.0,300.0
2021-06-04,0.5280578060601777,-0.5152017667617135,300.0,300.0,300.0
2021-06-05,0.33780067692058713,-0.5152017667617135,300.0,300.0,300.0
2021-06-06,0.714509792617063,-0.5152017667617135,300.0,300.0,300.0
2021-06-07,1.112781382949446,-0.5152017667617135,300.0,300.0,300.0
2021-06-08,0.9015959696045435,-0.5152017667617135,300.0,300.0,300.0
2021-06-09,0.7944177868564698,-0.5152017667617135,300.0,300.0,300.0
2021-06-10,0.6878737945372608,-0.5152017667617135,300.0,300.0,300.0
2021-06-11,0.5813298022197823,-0.5152017667617135,300.0,300.0,300.0
2021-06-12,0.45385752569612675,-0.5152017667617135,300.0,300.0,300.0
2021-06-13,0.36824181758309465,-0.5152017667617135,300.0,300.0,300.0
2021-06-14,0.6625061773186488,-0.5152017667617135,300.0,300.0,300.0
2021-06-15,1.0791692901348282,-0.5152017667617135,300.0,300.0,300.0
2021-06-16,1.0791692901348282,-0.5152017667617135,300.0,300.0,300.0
2021-06-17,1.0100425332146725,-0.5152017667617135,300.0,300.0,300.0
2021-06-18,0.9288661581149409,-0.5152017667617135,300.0,300.0,1000.0
2021-06-19,1.2155202326850845,-0.5152017667617135,300.0,1000.0,1200.0
2021-06-20,1.7013101024222845,1.5011720130795316,1000.0,1200.0,1200.0
2021-06-21,1.0588751963601115,2.0772788073198876,1200.0,1200.0,499.0
2021-06-22,0.39297524437111164,2.0772788073198876,1200.0,499.0,350.0
2021-06-23,-0.1086693861275047,0.05802449350744051,499.0,350.0,350.0
2021-06-24,-0.22916556791634468,-0.37117506820162455,350.0,350.0,350.0
2021-06-25,-0.2183843305979587,-0.37117506820162455,350.0,350.0,350.0
2021-06-26,-0.16320976314743416,-0.37117506820162455,350.0,350.0,350.0
2021-06-27,-0.026224630166582823,-0.37117506820162455,350.0,350.0,400.0
2021-06-28,0.1475435477809965,-0.37117506820162455,350.0,400.0,400.0
2021-06-29,0.0716943722975713,-0.22714836964153562,400.0,400.0,400.0
2021-06-30,-0.06998376986899149,-0.22714836964153562,400.0,400.0,400.0
2021-07-01,-0.1835038569221508,-0.22714836964153562,400.0,400.0,400.0
2021-07-02,-0.2729247076178882,-0.22714836964153562,400.0,400.0,400.0
2021-07-03,-0.3782003190750418,-0.22714836964153562,400.0,400.0,400.0
2021-07-04,-0.4625476463268837,-0.22714836964153562,400.0,400.0,330.0
2021-07-05,-0.5697258290766878,-0.22714836964153562,400.0,330.0,330.0
2021-07-06,-0.5253324989436841,-0.42878574762566013,330.0,330.0,330.0
2021-07-07,0.19130268748340515,-0.42878574762566013,330.0,330.0,350.0
2021-07-08,0.2762842051658421,-0.42878574762566013,330.0,350.0,350.0
2021-07-09,0.25535592095966525,-0.37117506820162455,350.0,350.0,350.0
2021-07-10,0.2141335429796369,-0.37117506820162455,350.0,350.0,350.0
2021-07-11,0.19193687791313505,-0.37117506820162455,350.0,350.0,350.0
2021-07-12,0.11837078797881391,-0.37117506820162455,350.0,350.0,350.0
2021-07-13,-0.009101488543976405,-0.37117506820162455,350.0,350.0,350.0
2021-07-14,-0.0553973899679002,-0.37117506820162455,350.0,350.0,350.0
2021-07-15,-0.10232748182328427,-0.37117506820162455,350.0,350.0,350.0
2021-07-16,-0.11818224258470052,-0.37117506820162455,350.0,350.0,500.0
2021-07-17,0.5730853266237765,-0.37117506820162455,350.0,500.0,500.0
2021-07-18,0.8584710203327299,0.060905027478642286,500.0,500.0,500.0
2021-07-19,0.7088020787434377,0.060905027478642286,500.0,500.0,500.0
2021-07-20,0.544546757252189,0.060905027478642286,500.0,500.0,500.0
2021-07-21,0.420245432881509,0.060905027478642286,500.0,500.0,500.0
2021-07-22,0.579427230927997,0.060905027478642286,500.0,500.0,500.0
2021-07-23,0.41453771900701847,0.060905027478642286,500.0,500.0,500.0
2021-07-24,0.22681735158894295,0.060905027478642286,500.0,500.0,500.0
2021-07-25,0.1614957372506275,0.060905027478642286,500.0,500.0,500.0
2021-07-26,0.6466514165572325,0.060905027478642286,500.0,500.0,500.0
2021-07-27,0.8369085456968232,0.060905027478642286,500.0,500.0,500.0
2021-07-28,0.7265594107966392,0.060905027478642286,500.0,500.0,500.0
2021-07-29,0.639675321822417,0.060905027478642286,500.0,500.0,500.0
2021-07-30,0.5496202806960846,0.060905027478642286,500.0,500.0,500.0
2021-07-31,0.4722490481799233,0.060905027478642286,500.0,500.0,500.0
2021-08-01,0.3073595362580796,0.060905027478642286,500.0,500.0,500.0
2021-08-02,0.1855949736089146,0.060905027478642286,500.0,500.0,500.0
2021-08-03,0.10758955066129311,0.060905027478642286,500.0,500.0,500.0
2021-08-04,-0.04271358135945935,0.060905027478642286,500.0,500.0,500.0
2021-08-05,-0.04398196221978432,0.060905027478642286,500.0,500.0,500.0
2021-08-06,-0.01883493297695616,0.060905027478642286,500.0,500.0,500.0
2021-08-07,-0.19491928467113187,0.060905027478642286,500.0,500.0,500.0
2021-08-08,-0.1860406186445311,0.060905027478642286,500.0,500.0,579.0
2021-08-09,-0.34014889324798886,0.060905027478642286,500.0,579.0,579.0
2021-08-10,-0.5938250654341097,0.2884672112035828,579.0,579.0,579.0
2021-08-11,-0.7251024845404705,0.2884672112035828,579.0,579.0,579.0
2021-08-12,-0.9083835189452456,0.2884672112035828,579.0,579.0,579.0
2021-08-13,-1.0333190337465208,0.2884672112035828,579.0,579.0,579.0
2021-08-14,-1.2305522576217922,0.2884672112035828,579.0,579.0,579.0
2021-08-15,-1.3650006288802632,0.2884672112035828,579.0,579.0,579.0
2021-08-16,-1.5482816632850382,0.2884672112035828,579.0,579.0,579.0
2021-08-17,-1.6446786087155911,0.2884672112035828,579.0,579.0,399.0
2021-08-18,-1.7023899378876308,0.2884672112035828,579.0,399.0,399.0
2021-08-19,-1.7537593627554502,-0.2300289036127374,399.0,399.0,399.0
2021-08-20,-1.7550277436166404,-0.2300289036127374,399.0,399.0,399.0
2021-08-21,-1.7106344134836364,-0.2300289036127374,399.0,399.0,399.0
2021-08-22,-1.7100002230539066,-0.2300289036127374,399.0,399.0,399.0
2021-08-23,-1.7581986957696156,-0.2300289036127374,399.0,399.0,399.0
2021-08-24,-1.7772244086831421,-0.2300289036127374,399.0,399.0,399.0
2021-08-25,-1.8209835483855508,-0.2300289036127374,399.0,399.0,349.0
2021-08-26,-1.838740880437887,-0.2300289036127374,399.0,349.0,349.0
2021-08-27,-1.838740880437887,-0.37405560217282635,349.0,349.0,349.0
2021-08-28,-1.3795870087804893,-0.37405560217282635,349.0,349.0,349.0
2021-08-29,-1.1138612184156576,-0.37405560217282635,349.0,349.0,349.0
2021-08-30,-1.0739072212959542,-0.37405560217282635,349.0,349.0,349.0
2021-08-31,-1.0548815083824277,-0.37405560217282635,349.0,349.0,349.0
2021-09-01,-1.070736269144709,-0.37405560217282635,349.0,349.0,349.0
2021-09-02,-1.0961038863633212,-0.37405560217282635,349.0,349.0,349.0
2021-09-03,-1.0992748385154314,-0.37405560217282635,349.0,349.0,349.0
2021-09-04,-1.107519314111437,-0.37405560217282635,349.0,349.0,349.0
2021-09-05,-1.1481075016608704,-0.37405560217282635,349.0,349.0,349.0
2021-09-06,-1.14493654950876,-0.37405560217282635,349.0,349.0,349.0
2021-09-07,-0.7384204835803716,-0.37405560217282635,349.0,349.0,349.0
2021-09-08,-0.5145512616252981,-0.37405560217282635,349.0,349.0,349.0
2021-09-09,-0.5018674530168572,-0.37405560217282635,349.0,349.0,349.0
2021-09-10,-0.4853785018239807,-0.37405560217282635,349.0,349.0,349.0
2021-09-11,-0.4200568874865304,-0.37405560217282635,349.0,349.0,349.0
2021-09-12,-0.40737307887722435,-0.37405560217282635,349.0,349.0,349.0
2021-09-13,-0.404202126724249,-0.37405560217282635,349.0,349.0,349.0
2021-09-14,-0.3636139391748157,-0.37405560217282635,349.0,349.0,349.0
2021-09-15,-0.27990080235356884,-0.37405560217282635,349.0,349.0,349.0
2021-09-16,0.1684718319863082,-0.37405560217282635,349.0,349.0,349.0
2021-09-17,0.3638024845697943,-0.37405560217282635,349.0,349.0,349.0
2021-09-18,0.42595314675513435,-0.37405560217282635,349.0,349.0,349.0
2021-09-19,0.38029143576180563,-0.37405560217282635,349.0,349.0,349.0
2021-09-20,0.3447767716554026,-0.37405560217282635,349.0,349.0,349.0
2021-09-21,0.3016518223844542,-0.37405560217282635,349.0,349.0,349.0
2021-09-22,0.3910726730793264,-0.37405560217282635,349.0,349.0,500.0
2021-09-23,1.1977629006318828,-0.37405560217282635,349.0,500.0,500.0
2021-09-24,1.3747020307324376,0.060905027478642286,500.0,500.0,500.0
2021-09-25,1.211715090102379,0.060905027478642286,500.0,500.0,500.0
2021-09-26,1.099546104401545,0.060905027478642286,500.0,500.0,500.0
2021-09-27,0.944086728445762,0.060905027478642286,500.0,500.0,500.0
2021-09-28,0.8305666413926027,0.060905027478642286,500.0,500.0,500.0
2021-09-29,0.6098683715905046,0.060905027478642286,500.0,500.0,500.0
2021-09-30,0.42531895632453925,0.060905027478642286,500.0,500.0,500.0
2021-10-01,0.25789268268204557,0.060905027478642286,500.0,500.0,500.0
2021-10-02,0.12090754970119423,0.060905027478642286,500.0,500.0,399.0
2021-10-03,-0.005296345961271112,0.060905027478642286,500.0,399.0,399.0
2021-10-04,0.16593507026479307,-0.2300289036127374,399.0,399.0,399.0
2021-10-05,0.1469093573504014,-0.2300289036127374,399.0,399.0,399.0
2021-10-06,0.1469093573504014,-0.2300289036127374,399.0,399.0,399.0
2021-10-07,0.276918395595572,-0.2300289036127374,399.0,399.0,399.0
2021-10-08,0.7639766461930971,-0.2300289036127374,399.0,399.0,399.0
2021-10-09,0.7252910299354491,-0.2300289036127374,399.0,399.0,399.0
2021-10-10,0.6675797007625442,-0.2300289036127374,399.0,399.0,399.0
2021-10-11,0.5876717065240027,-0.2300289036127374,399.0,399.0,399.0
2021-10-12,0.6567984634450235,-0.2300289036127374,399.0,399.0,399.0
2021-10-13,0.6035264672854189,-0.2300289036127374,399.0,399.0,399.0
2021-10-14,0.5261552347683925,-0.2300289036127374,399.0,399.0,399.0
2021-10-15,0.37394953145672,-0.2300289036127374,399.0,399.0,399.0
2021-10-16,0.26613715827805123,-0.2300289036127374,399.0,399.0,399.0
2021-10-17,0.3238484874500909,-0.2300289036127374,399.0,399.0,399.0
2021-10-18,0.8273956892404926,-0.2300289036127374,399.0,399.0,399.0
2021-10-19,0.7709527409287779,-0.2300289036127374,399.0,399.0,399.0
2021-10-20,0.7544637897367664,-0.2300289036127374,399.0,399.0,399.0
2021-10-21,0.6834344615248257,-0.2300289036127374,399.0,399.0,399.0
2021-10-22,0.5990871342729838,-0.2300289036127374,399.0,399.0,399.0
2021-10-23,0.5141056165905468,-0.2300289036127374,399.0,399.0,399.0
2021-10-24,0.3447767716554026,-0.2300289036127374,399.0,399.0,399.0
2021-10-25,0.37965724533121054,-0.2300289036127374,399.0,399.0,399.0
2021-10-26,0.3923410539405166,-0.2300289036127374,399.0,399.0,399.0
2021-10-27,0.28706544248336296,-0.2300289036127374,399.0,399.0,399.0
2021-10-28,0.2356960176155437,-0.2300289036127374,399.0,399.0,399.0
2021-10-29,0.7316329342396695,-0.2300289036127374,399.0,399.0,399.0
2021-10-30,0.7671475983460725,-0.2300289036127374,399.0,399.0,399.0
2021-10-31,0.7329013151008597,-0.2300289036127374,399.0,399.0,399.0
2021-11-01,0.6631403677492439,-0.2300289036127374,399.0,399.0,399.0
2021-11-02,0.5978187534117936,-0.2300289036127374,399.0,399.0,399.0
2021-11-03,0.4601994300003472,-0.2300289036127374,399.0,399.0,399.0
2021-11-04,0.2141335429796369,-0.2300289036127374,399.0,399.0,399.0
2021-11-05,0.1855949736089146,-0.2300289036127374,399.0,399.0,399.0
2021-11-06,0.1507144999331067,-0.2300289036127374,399.0,399.0,399.0
2021-11-07,0.13042040615839007,-0.2300289036127374,399.0,399.0,399.0
2021-11-08,0.06763555354158975,-0.2300289036127374,399.0,399.0,399.0
2021-11-09,-0.011004059835761647,-0.2300289036127374,399.0,399.0,399.0
2021-11-10,-0.07061796029958657,-0.2300289036127374,399.0,399.0,299.0
2021-11-11,-0.17399100046495497,-0.2300289036127374,399.0,299.0,299.0
2021-11-12,-0.2615092798697723,-0.5180823007329153,299.0,299.0,299.0
2021-11-13,-0.11945062344589068,-0.5180823007329153,299.0,299.0,299.0
2021-11-14,0.03148669900545686,-0.5180823007329153,299.0,299.0,299.0
2021-11-15,0.011826795661335305,-0.5180823007329153,299.0,299.0,299.0
2021-11-16,0.004850700926519798,-0.5180823007329153,299.0,299.0,299.0
2021-11-17,0.02704736599215648,-0.5180823007329153,299.0,299.0,299.0
2021-11-18,0.023876413840046268,-0.5180823007329153,299.0,299.0,299.0
2021-11-19,0.0473414597677383,-0.5180823007329153,299.0,299.0,299.0
2021-11-20,0.05051241191898332,-0.5180823007329153,299.0,299.0,299.0
2021-11-21,0.030218318145131883,-0.5180823007329153,299.0,299.0,299.0
2021-11-22,-0.038908438775888864,-0.5180823007329153,299.0,299.0,299.0
2021-11-23,-0.02368786844506769,-0.5180823007329153,299.0,299.0,299.0
2021-11-24,-0.005930536391866192,-0.5180823007329153,299.0,299.0,299.0
