,Rainfall,LakeLevel,y_step_1,y_step_2,y_step_3
2018-01-01,-0.15984541730085738,0.8476895773796227,300.0,500.0,500.0
2018-01-02,0.6287840401621622,0.7601713285177164,500.0,500.0,500.0
2018-01-03,0.10303106852014914,0.7024598729397963,500.0,500.0,1400.0
2018-01-04,10.749528744270913,1.3867513827945073,500.0,1400.0,1400.0
2018-01-05,4.4843058322035905,3.486556004816196,1400.0,1400.0,1400.0
2018-01-06,1.548851740535685,3.017889186887171,1400.0,1400.0,1400.0
2018-01-07,1.2859752547146786,2.773725952807021,1400.0,1400.0,1400.0
2018-01-08,-0.37890915548502946,2.2714470967995766,1400.0,1400.0,1400.0
2018-01-09,-0.37890915548502946,1.8097563971930215,1400.0,1400.0,499.0
2018-01-10,-0.37890915548502946,1.3487000310553405,1400.0,499.0,550.0
2018-01-11,-0.37890915548502946,1.0981947853174223,499.0,550.0,550.0
2018-01-12,-0.37890915548502946,1.1838105251829,550.0,550.0,550.0
2018-01-13,-0.37890915548502946,1.2079097158773635,550.0,550.0,550.0
2018-01-14,-0.37890915548502946,1.199665233023285,550.0,550.0,550.0
2018-01-15,-0.2002183211149651,1.2231303548540304,550.0,550.0,1400.0
2018-01-16,-0.2448910297074812,1.3087459435173037,550.0,1400.0,1400.0
2018-01-17,-0.33423644689251336,1.0550698620523327,1400.0,1400.0,1400.0
2018-01-18,0.11249063903264746,0.6808973735067002,1400.0,1400.0,549.0
2018-01-19,0.24650876481019574,0.4196110670554223,1400.0,549.0,549.0
2018-01-20,-0.37890915548502946,0.18876586845521454,549.0,549.0,549.0
2018-01-21,-0.37890915548502946,0.18052142340211993,549.0,549.0,549.0
2018-01-22,-0.28956373829999726,0.19066845305274532,549.0,549.0,549.0
2018-01-23,0.24650876481019574,0.23759846991006403,549.0,549.0,549.0
2018-01-24,-0.37890915548502946,0.22174368646857667,549.0,549.0,549.0
2018-01-25,-0.37890915548502946,0.19954706147071954,549.0,549.0,549.0
2018-01-26,1.9887443999183223,0.35809465018655323,549.0,549.0,549.0
2018-01-27,-0.33423644689251336,0.6314306275870304,549.0,549.0,549.0
2018-01-28,-0.37890915548502946,0.6155757307425919,549.0,549.0,549.0
2018-01-29,-0.37890915548502946,0.5743534298760166,549.0,549.0,549.0
2018-01-30,-0.37890915548502946,0.5242524260894403,549.0,549.0,549.0
2018-01-31,-0.37890915548502946,0.44180769205327936,549.0,549.0,1200.0
2018-02-01,1.8547262741407746,0.49444555720435196,549.0,1200.0,1200.0
2018-02-02,3.284252949101288,1.4463652339659048,1200.0,1200.0,549.0
2018-02-03,-0.2002183211149651,1.1045366457729862,1200.0,549.0,600.0
2018-02-04,-0.37890915548502946,0.8216051122449574,549.0,600.0,600.0
2018-02-05,-0.37890915548502946,0.7563661971245037,600.0,600.0,600.0
2018-02-06,-0.37890915548502946,0.6028920098314642,600.0,600.0,600.0
2018-02-07,-0.37890915548502946,0.5768901967384862,600.0,600.0,600.0
2018-02-08,-0.37890915548502946,0.3917067071667624,600.0,600.0,589.0
2018-02-09,1.45267189680813,0.3948776751950955,600.0,589.0,589.0
2018-02-10,2.435471485843484,0.8134433192335501,589.0,589.0,1400.0
2018-02-11,4.043688995174063,1.4920270752965339,589.0,1400.0,1400.0
2018-02-12,3.5076164920638693,2.813045744678033,1400.0,1400.0,1400.0
2018-02-13,0.15716334762516354,2.9316393781579753,1400.0,1400.0,1400.0
2018-02-14,2.1674352342883867,2.9227606752379742,1400.0,1400.0,1400.0
2018-02-15,-0.33423644689251336,2.897393006610682,1400.0,1400.0,1400.0
2018-02-16,-0.37890915548502946,2.6532298481324994,1400.0,1400.0,1400.0
2018-02-17,0.24650876481019574,2.4610699756322845,1400.0,1400.0,1400.0
2018-02-18,-0.37890915548502946,2.2270537334017764,1400.0,1400.0,1400.0
2018-02-19,0.24650876481019574,2.086897638289722,1400.0,1400.0,1400.0
2018-02-20,0.9612721022904531,2.168074064496183,1400.0,1400.0,1400.0
2018-02-21,-0.37890915548502946,1.959425377490881,1400.0,1400.0,1400.0
2018-02-22,-0.28956373829999726,1.735556202711982,1400.0,1400.0,1400.0
2018-02-23,-0.37890915548502946,1.5116869523311154,1400.0,1400.0,579.0
2018-02-24,-0.37890915548502946,1.2713288118449249,1400.0,579.0,579.0
2018-02-25,-0.37890915548502946,1.1089759216318844,579.0,579.0,579.0
2018-02-26,-0.37890915548502946,1.1356119169898011,579.0,579.0,579.0
2018-02-27,-0.28956373829999726,1.2599133420615891,579.0,579.0,1400.0
2018-02-28,-0.33423644689251336,1.38104362900278,579.0,1400.0,1400.0
2018-03-01,-0.11087290392993296,1.2180568211290912,1400.0,1400.0,1400.0
2018-03-02,-0.37890915548502946,0.9497941695503058,1400.0,1400.0,1400.0
2018-03-03,-0.37890915548502946,0.6384067081093819,1400.0,1400.0,579.0
2018-03-04,-0.37890915548502946,0.2800892298102742,1400.0,579.0,579.0
2018-03-05,-0.37890915548502946,0.12154162219351607,579.0,579.0,590.0
2018-03-06,-0.28956373829999726,0.20715739985997753,579.0,590.0,590.0
2018-03-07,-0.021527486744900775,0.335263824023698,590.0,590.0,590.0
2018-03-08,-0.11087290392993296,0.3618998193816148,590.0,590.0,590.0
2018-03-09,-0.2448910297074812,0.23950099780655185,590.0,590.0,590.0
2018-03-10,-0.37890915548502946,0.21984104517000289,590.0,590.0,590.0
2018-03-11,-0.37890915548502946,0.18369239143045296,590.0,590.0,590.0
2018-03-12,3.1949075319162574,0.1640324009937855,590.0,590.0,590.0
2018-03-13,-0.37890915548502946,0.505226750219857,590.0,590.0,590.0
2018-03-14,-0.33423644689251336,0.5864030819242912,590.0,590.0,590.0
2018-03-15,-0.37890915548502946,0.5363020592367906,590.0,590.0,590.0
2018-03-16,-0.37890915548502946,0.4640044304523573,590.0,590.0,590.0
2018-03-17,-0.37890915548502946,0.4234162551505431,590.0,590.0,590.0
2018-03-18,-0.37890915548502946,0.3168722737188757,590.0,590.0,590.0
2018-03-19,-0.37890915548502946,0.22047530303690924,590.0,590.0,590.0
2018-03-20,-0.37890915548502946,0.15325120797828046,590.0,590.0,590.0
2018-03-21,-0.37890915548502946,0.08222184922256341,590.0,590.0,590.0
2018-03-22,1.4012100227760216,0.01436345849604458,590.0,590.0,590.0
2018-03-23,-0.19152818935228724,0.031486587569080855,590.0,590.0,590.0
2018-03-24,0.7922218828446096,-0.005296494140504375,590.0,590.0,590.0
2018-03-25,0.1363885013800117,0.11076042917801104,590.0,590.0,590.0
2018-03-26,-0.37890915548502946,0.06573294021631494,590.0,590.0,590.0
2018-03-27,-0.37890915548502946,0.030852386403217504,590.0,590.0,590.0
2018-03-28,-0.37890915548502946,-0.0414453557833018,590.0,590.0,590.0
2018-03-29,-0.3320639139518439,-0.12262172528871979,590.0,590.0,399.0
2018-03-30,-0.37890915548502946,-0.1746253136728268,590.0,399.0,399.0
2018-03-31,-0.37890915548502946,-0.18540652558839107,399.0,399.0,399.0
2018-04-01,-0.37890915548502946,-0.09408318313425587,399.0,399.0,399.0
2018-04-02,-0.37890915548502946,-0.05159236653300273,399.0,399.0,399.0
2018-04-03,-0.37890915548502946,-0.010370027865443743,399.0,399.0,399.0
2018-04-04,-0.37890915548502946,0.03909685035637137,399.0,399.0,399.0
2018-04-05,-0.37890915548502946,0.03909685035637137,399.0,399.0,399.0
2018-04-06,-0.37890915548502946,0.11266290037345586,399.0,399.0,399.0
2018-04-07,-0.37890915548502946,0.056220036130450644,399.0,399.0,399.0
2018-04-08,-0.37890915548502946,0.090466350976701,399.0,399.0,399.0
2018-04-09,-0.37890915548502946,0.044170440783218926,399.0,399.0,399.0
2018-04-10,0.08954325984682614,0.1333706726712881,399.0,399.0,399.0
2018-04-11,0.839067124377795,0.23886685334173147,399.0,399.0,399.0
2018-04-12,-0.28521867241865834,0.12154169779461832,399.0,399.0,349.0
2018-04-13,-0.37890915548502946,-0.06173943398461185,399.0,349.0,349.0
2018-04-14,-0.004147223219544998,0.05748843846217735,349.0,349.0,400.0
2018-04-15,-0.37890915548502946,0.061293588756314465,349.0,400.0,400.0
2018-04-16,1.260674298176465,0.20398641293072003,400.0,400.0,400.0
2018-04-17,-0.3320639139518439,0.29404142865509597,400.0,400.0,349.0
2018-04-18,-0.2383734308854728,0.20588905422929382,400.0,349.0,349.0
2018-04-19,-0.37890915548502946,0.19827871584003584,349.0,349.0,349.0
2018-04-20,-0.37890915548502946,0.13422547540765414,349.0,349.0,349.0
2018-04-21,-0.37890915548502946,0.13676226117104828,349.0,349.0,349.0
2018-04-22,-0.37890915548502946,0.13803058790080752,349.0,349.0,349.0
2018-04-23,-0.37890915548502946,0.13042024951241477,349.0,349.0,349.0
2018-04-24,-0.37890915548502946,0.09807661376485671,349.0,349.0,349.0
2018-04-25,-0.37890915548502946,0.057488457362236615,349.0,349.0,349.0
2018-04-26,-0.37890915548502946,0.054317470433844314,349.0,349.0,550.0
2018-04-27,-0.37890915548502946,0.07461156753521363,349.0,550.0,1500.0
2018-04-28,3.32186492563663,0.3054567850354806,550.0,1500.0,1500.0
2018-04-29,13.674663304470634,2.317108635724066,1500.0,1500.0,1500.0
2018-04-30,0.23007898444638286,3.3324477108584545,1500.0,1500.0,1500.0
2018-05-01,-0.37890915548502946,3.0730638756026214,1500.0,1500.0,1500.0
2018-05-02,-0.37890915548502946,2.7521634155738064,1500.0,1500.0,1500.0
2018-05-03,-0.37890915548502946,2.488340191056124,1500.0,1500.0,1500.0
2018-05-04,-0.37890915548502946,2.2054913095706477,1500.0,1500.0,1500.0
2018-05-05,-0.37890915548502946,1.979719512393234,1500.0,1500.0,1500.0
2018-05-06,-0.37890915548502946,1.746971634694334,1500.0,1500.0,1500.0
2018-05-07,-0.37890915548502946,1.4964663133544485,1500.0,1500.0,1500.0
2018-05-08,-0.37890915548502946,1.1800052803867362,1500.0,1500.0,1500.0
2018-05-09,-0.37890915548502946,1.0081397695930463,1500.0,1500.0,589.0
2018-05-10,-0.37890915548502946,0.8565682802996236,1500.0,589.0,589.0
2018-05-11,-0.14468294781910165,0.7519267322624172,589.0,589.0,1500.0
2018-05-12,0.839067124377795,1.0017977957353965,589.0,1500.0,1500.0
2018-05-13,0.5579956751786818,1.143884058447573,1500.0,1500.0,1500.0
2018-05-14,0.323769467512754,1.0030661602661395,1500.0,1500.0,1500.0
2018-05-15,3.368710167169815,1.0550698242513488,1500.0,1500.0,1500.0
2018-05-16,-0.28521867241865834,1.2186909655939115,1500.0,1500.0,589.0
2018-05-17,-0.14468294781910165,0.9815036986340273,1500.0,589.0,589.0
2018-05-18,-0.37890915548502946,0.85022626864099,589.0,589.0,589.0
2018-05-19,-0.28521867241865834,0.9834063588326604,589.0,589.0,1500.0
2018-05-20,-0.37890915548502946,1.079169052746796,589.0,1500.0,1500.0
2018-05-21,-0.3320639139518439,0.9567702500726575,1500.0,1500.0,1500.0
2018-05-22,-0.3320639139518439,0.7430481049435186,1500.0,1500.0,589.0
2018-05-23,1.3075195397096506,0.6339672999483386,1500.0,589.0,589.0
2018-05-24,-0.3320639139518439,0.5692799150511364,589.0,589.0,589.0
2018-05-25,0.37061470904593946,0.7855388459428043,589.0,589.0,559.0
2018-05-26,-0.37890915548502946,0.8457871061841779,589.0,559.0,559.0
2018-05-27,-0.2383734308854728,0.9326710971783125,559.0,559.0,559.0
2018-05-28,-0.37890915548502946,0.9713567067843856,559.0,559.0,559.0
2018-05-29,-0.37890915548502946,0.9631122239303073,559.0,559.0,559.0
2018-05-30,-0.37890915548502946,1.00750551172614,559.0,559.0,559.0
2018-05-31,-0.37890915548502946,1.0366783873486125,559.0,559.0,559.0
2018-06-01,-0.37890915548502946,1.0791690905477798,559.0,559.0,559.0
2018-06-02,-0.37890915548502946,1.1172204422860812,559.0,559.0,1200.0
2018-06-03,4.071388790167599,1.2668894225839407,559.0,1200.0,1200.0
2018-06-04,1.3543647812428363,1.7425322076323662,1200.0,1200.0,1200.0
2018-06-05,5.336210311563609,2.1452432383324624,1200.0,1200.0,1500.0
2018-06-06,0.08954325984682605,2.143340729336899,1200.0,1500.0,1500.0
2018-06-07,-0.3320639139518439,1.944204738514214,1500.0,1500.0,1500.0
2018-06-08,-0.37890915548502946,1.7558502620123675,1500.0,1500.0,1500.0
2018-06-09,-0.37890915548502946,1.577642777361028,1500.0,1500.0,1500.0
2018-06-10,-0.37890915548502946,1.3797753022721555,1500.0,1500.0,1500.0
2018-06-11,-0.06429922901433109,1.1375145771884343,1500.0,1500.0,1500.0
2018-06-12,1.2390847520785622,1.2605474487262909,1500.0,1500.0,1500.0
2018-06-13,-0.28902060506482996,1.4641226398059066,1500.0,1500.0,1500.0
2018-06-14,-0.37890915548502946,1.2351798557001008,1500.0,1500.0,559.0
2018-06-15,-0.37890915548502946,1.0366783495484941,1500.0,559.0,559.0
2018-06-16,0.4300877982967665,0.9815036608330435,559.0,559.0,1500.0
2018-06-17,-0.15418777943453063,1.1774684757232827,559.0,1500.0,1500.0
2018-06-18,-0.1991320546446304,1.1413196329805446,1500.0,1500.0,1500.0
2018-06-19,-0.28902060506482996,0.9948217908141472,1500.0,1500.0,559.0
2018-06-20,-0.37890915548502946,0.75636615932352,1500.0,559.0,559.0
2018-06-21,-0.37890915548502946,0.5914765022480098,559.0,559.0,559.0
2018-06-22,-0.37890915548502946,0.6650427034672989,559.0,559.0,559.0
2018-06-23,-0.37890915548502946,0.7785627654204527,559.0,559.0,539.0
2018-06-24,-0.3339648802749297,0.912376924475841,559.0,539.0,539.0
2018-06-25,0.5649206239270657,1.1311727167320051,539.0,539.0,539.0
2018-06-26,-0.10924350422443083,1.072193047826412,539.0,539.0,539.0
2018-06-27,-0.37890915548502946,1.1723950175994458,539.0,539.0,539.0
2018-06-28,-0.37890915548502946,1.235814113567007,539.0,539.0,539.0
2018-06-29,-0.3339648802749297,1.2802074391629583,539.0,539.0,539.0
2018-06-30,-0.37890915548502946,1.1413197841836145,539.0,539.0,1200.0
2018-07-01,0.025589321405868448,1.1844446696477204,539.0,1200.0,1200.0
2018-07-02,-0.3339648802749297,0.9922849861506938,1200.0,1200.0,539.0
2018-07-03,-0.37890915548502946,0.6745555508521202,1200.0,539.0,560.0
2018-07-04,-0.37890915548502946,0.3726810123971198,539.0,560.0,560.0
2018-07-05,-0.37890915548502946,0.4170743379930711,560.0,560.0,560.0
2018-07-06,-0.37890915548502946,0.4893720045784882,560.0,560.0,560.0
2018-07-07,-0.37890915548502946,0.5128370886091149,560.0,560.0,1100.0
2018-07-08,0.07053359661596824,0.5496200758166735,560.0,1100.0,1400.0
2018-07-09,0.8345862751876644,0.6720187839887852,1100.0,1400.0,559.0
2018-07-10,-0.10924350422443083,0.42214781501783266,1400.0,559.0,559.0
2018-07-11,-0.3339648802749297,0.1811555678669403,559.0,559.0,559.0
2018-07-12,-0.37890915548502946,0.18305811466348737,559.0,559.0,559.0
2018-07-13,-0.06429922901433109,0.27438151381866555,559.0,559.0,559.0
2018-07-14,-0.10924350422443083,0.5229840615578322,559.0,559.0,1200.0
2018-07-15,2.4525801827512557,0.7088018089973275,559.0,1200.0,559.0
2018-07-16,-0.3339648802749297,0.8920829407765577,1200.0,559.0,559.0
2018-07-17,-0.3339648802749297,0.8476896151797412,559.0,559.0,1500.0
2018-07-18,-0.37890915548502946,0.896522216635456,559.0,1500.0,1500.0
2018-07-19,0.9694191008179637,0.9180847160685519,1500.0,1500.0,1500.0
2018-07-20,-0.37890915548502946,0.6796290845770595,1500.0,1500.0,1500.0
2018-07-21,-0.37890915548502946,0.35682622895476723,1500.0,1500.0,1500.0
2018-07-22,0.5649206239270658,0.19383936438003538,1500.0,1500.0,1500.0
2018-07-23,-0.3339648802749297,-0.03573760199157462,1500.0,1500.0,1500.0
2018-07-24,-0.37890915548502946,-0.3204891058755654,1500.0,1500.0,1500.0
2018-07-25,-0.37890915548502946,-0.5824097268947926,1500.0,1500.0,1500.0
2018-07-26,-0.3339648802749297,-0.8119867121673271,1500.0,1500.0,1500.0
2018-07-27,-0.28902060506482996,-1.0104882561190525,1500.0,1500.0,1500.0
2018-07-28,-0.37890915548502946,-1.213429189332627,1500.0,1500.0,1500.0
2018-07-29,-0.1991320546446304,-1.3986128490074798,1500.0,1500.0,1500.0
2018-07-30,-0.37890915548502946,-1.5768202769586415,1500.0,1500.0,900.0
2018-07-31,-0.37890915548502946,-1.697950658400994,1500.0,900.0,639.0
2018-08-01,-0.1991320546446304,-1.718878952207311,900.0,639.0,700.0
2018-08-02,-0.3339648802749297,-1.7930791694445585,639.0,700.0,649.0
2018-08-03,0.34019924787656697,-1.7359787711135217,700.0,649.0,649.0
2018-08-04,0.8795305503977642,-1.6025000470266202,649.0,649.0,599.0
2018-08-05,1.4188618529189614,-1.2432553365714674,649.0,599.0,599.0
2018-08-06,0.025589321405868448,-0.819336358060968,599.0,599.0,599.0
2018-08-07,-0.10924350422443083,-0.7555437156221767,599.0,599.0,549.0
2018-08-08,2.8570786596421547,-0.23106821571595054,599.0,549.0,549.0
2018-08-09,-0.3339648802749297,0.17608203414113574,549.0,549.0,549.0
2018-08-10,-0.37890915548502946,0.22237792543455856,549.0,549.0,549.0
2018-08-11,-0.37890915548502946,0.2838944557055136,549.0,549.0,549.0
2018-08-12,-0.37890915548502946,0.338434792052031,549.0,549.0,549.0
2018-08-13,-0.15418777943453063,0.4158059356613444,549.0,549.0,1500.0
2018-08-14,0.9694191008179638,0.8673494544142042,549.0,1500.0,1500.0
2018-08-15,-0.10924350422443083,0.7195831343149778,1500.0,1500.0,549.0
2018-08-16,-0.37890915548502946,0.3986827120871466,1500.0,549.0,549.0
2018-08-17,-0.15418777943453063,0.2553558001489637,549.0,549.0,549.0
2018-08-18,0.025589321405868528,0.38092553305131666,549.0,549.0,549.0
2018-08-19,-0.37890915548502946,0.4322948635685173,549.0,549.0,549.0
2018-08-20,0.6548091743472654,0.525520771720124,549.0,549.0,549.0
2018-08-21,-0.10924350422443083,0.639675072640125,549.0,549.0,549.0
2018-08-22,-0.15418777943453063,0.7424140738807842,549.0,549.0,549.0
2018-08-23,-0.15418777943453063,0.8007593715182505,549.0,549.0,549.0
2018-08-24,-0.37890915548502946,0.7627081709821535,549.0,549.0,549.0
2018-08-25,-0.3339648802749297,0.7544635369258706,549.0,549.0,549.0
2018-08-26,-0.37890915548502946,0.7525610279294421,549.0,549.0,549.0
2018-08-27,-0.37890915548502946,0.7493900788011684,549.0,549.0,549.0
2018-08-28,-0.37890915548502946,0.7462191674738784,549.0,549.0,1200.0
2018-08-29,2.227858806700757,1.1571744542230158,549.0,1200.0,1200.0
2018-08-30,0.38514352308666666,1.2288379952436717,1200.0,1200.0,549.0
2018-08-31,-0.10924350422443083,0.9650148463279566,1200.0,549.0,549.0
2018-09-01,-0.37890915548502946,0.6853368005686682,549.0,549.0,549.0
2018-09-02,0.8345862751876644,0.8800332131271807,549.0,549.0,1200.0
2018-09-03,0.20536642224626758,1.0591783012947193,549.0,1200.0,549.0
2018-09-04,0.34019924787656686,0.8337374163349194,1200.0,549.0,549.0
2018-09-05,0.38514352308666666,0.6567982206132205,549.0,549.0,549.0
2018-09-06,0.11547787182606802,0.815979972694799,549.0,549.0,549.0
2018-09-07,-0.37890915548502946,0.7715867226990848,549.0,549.0,549.0
2018-09-08,-0.37890915548502946,0.8235904244852778,549.0,549.0,549.0
2018-09-09,-0.37890915548502946,0.7449505761389634,549.0,549.0,549.0
2018-09-10,-0.37890915548502946,0.768415886972897,549.0,549.0,549.0
2018-09-11,-0.37890915548502946,0.7557319392575974,549.0,549.0,549.0
2018-09-12,-0.37890915548502946,0.6967522325501551,549.0,549.0,549.0
2018-09-13,-0.37890915548502946,0.587671370853932,549.0,549.0,549.0
2018-09-14,-0.37890915548502946,0.5724508830794695,549.0,549.0,549.0
2018-09-15,-0.37890915548502946,0.5921106845129487,549.0,549.0,549.0
2018-09-16,-0.37890915548502946,0.5749876877429229,549.0,549.0,549.0
2018-09-17,0.9336628295027786,0.6174784961785198,549.0,549.0,549.0
2018-09-18,0.1189629767517253,0.7056311265904623,549.0,549.0,549.0
2018-09-19,-0.33713315748007266,0.6948498892729416,549.0,549.0,549.0
2018-09-20,-0.37890915548502946,0.639041131391822,549.0,549.0,549.0
2018-09-21,-0.37890915548502946,0.5692801840402061,549.0,549.0,549.0
2018-09-22,-0.17002916546024552,0.542009995530674,549.0,549.0,549.0
2018-09-23,-0.37890915548502946,0.46780971516575776,549.0,549.0,549.0
2018-09-24,-0.2118051634652023,0.33906905778091206,549.0,549.0,549.0
2018-09-25,-0.0029251734404183716,0.25789268268204557,549.0,549.0,549.0
2018-09-26,-0.37890915548502946,0.1963762109264354,549.0,549.0,549.0
2018-09-27,-0.37890915548502946,0.16656926069452294,549.0,549.0,549.0
2018-09-28,-0.33713315748007266,0.08983221860895681,549.0,549.0,399.0
2018-09-29,-0.37890915548502946,-0.021151106722687368,549.0,399.0,399.0
2018-09-30,-0.37890915548502946,-0.011555529775221458,399.0,399.0,399.0
2018-10-01,-0.37890915548502946,0.08602707602538631,399.0,399.0,399.0
2018-10-02,-0.17002916546024552,0.13042040615839007,399.0,399.0,399.0
2018-10-03,-0.37890915548502946,0.1855949736089146,399.0,399.0,399.0
2018-10-04,-0.37890915548502946,0.24140373149003422,399.0,399.0,399.0
2018-10-05,-0.37890915548502946,0.24774563579425465,399.0,399.0,399.0
2018-10-06,-0.37890915548502946,0.3054569649662943,399.0,399.0,399.0
2018-10-07,-0.37890915548502946,0.3327271534766917,399.0,399.0,399.0
2018-10-08,-0.37890915548502946,0.384730768775106,399.0,399.0,399.0
2018-10-09,-0.37890915548502946,0.3416058195032924,399.0,399.0,399.0
2018-10-10,-0.37890915548502946,0.3130672501325701,399.0,399.0,399.0
2018-10-11,1.166802770698372,0.42531895632453925,399.0,399.0,500.0
2018-10-12,0.9161467826686309,0.8768625428165265,399.0,500.0,399.0
2018-10-13,-0.08647716945033194,0.919353301657745,500.0,399.0,399.0
2018-10-14,-0.37890915548502946,0.8058332146045857,399.0,399.0,399.0
2018-10-15,-0.37890915548502946,0.8248589275181122,399.0,399.0,399.0
2018-10-16,-0.37890915548502946,0.7893442634117092,399.0,399.0,399.0
2018-10-17,-0.37890915548502946,0.6878737945372608,399.0,399.0,399.0
2018-10-18,-0.37890915548502946,0.6656771294716242,399.0,399.0,399.0
2018-10-19,-0.37890915548502946,0.5959161821200083,399.0,399.0,399.0
2018-10-20,-0.37890915548502946,0.4874696185107445,399.0,399.0,399.0
2018-10-21,-0.37890915548502946,0.3631682941391992,399.0,399.0,399.0
2018-10-22,-0.37890915548502946,0.32892201089398637,399.0,399.0,399.0
2018-10-23,-0.37890915548502946,0.2280857324501331,399.0,399.0,330.0
2018-10-24,-0.37890915548502946,0.13359135831050029,399.0,330.0,330.0
2018-10-25,-0.37890915548502946,0.03592603201875723,330.0,330.0,330.0
2018-10-26,-0.29535715947511587,0.06383041095974963,330.0,330.0,330.0
2018-10-27,0.9579227806735878,0.12471269228389953,330.0,330.0,330.0
2018-10-28,0.41483480660914945,0.5394732338091588,330.0,330.0,400.0
2018-10-29,0.6654907946388904,0.7589031227500669,330.0,400.0,400.0
2018-10-30,-0.2535811614701591,0.871154828942036,400.0,400.0,400.0
2018-10-31,-0.33713315748007266,0.8337375935447129,400.0,400.0,400.0
2018-11-01,0.11082020823383443,0.7411457906968654,400.0,400.0,400.0
2018-11-02,-0.37890915548502946,0.568645993609611,400.0,400.0,400.0
2018-11-03,-0.37890915548502946,0.5496202806960846,400.0,400.0,400.0
2018-11-04,-0.06726319675484331,0.45068657354315134,400.0,400.0,400.0
2018-11-05,-0.37890915548502946,0.33589810562966704,400.0,400.0,400.0
2018-11-06,-0.37890915548502946,0.3314587726155015,400.0,400.0,400.0
2018-11-07,-0.37890915548502946,0.2959441085099637,400.0,400.0,400.0
2018-11-08,-0.33438830423786003,0.22428058986742783,400.0,400.0,400.0
2018-11-09,-0.37890915548502946,0.19764459178762556,400.0,400.0,400.0
2018-11-10,-0.2898674529906906,0.15325126165462183,400.0,400.0,400.0
2018-11-11,-0.37890915548502946,0.08666126645598139,400.0,400.0,400.0
2018-11-12,0.19986191072817328,0.004850700926519798,400.0,400.0,400.0
2018-11-13,0.377945315716851,0.3143356309928951,400.0,400.0,400.0
2018-11-14,-0.37890915548502946,0.2674055391392414,400.0,400.0,400.0
2018-11-15,-0.37890915548502946,0.17291116499960857,400.0,400.0,400.0
2018-11-16,-0.37890915548502946,0.09427155162139199,400.0,400.0,400.0
2018-11-17,-0.37890915548502946,-0.010369869405166567,400.0,400.0,299.0
2018-11-18,-0.37890915548502946,-0.1264267181807062,400.0,299.0,299.0
2018-11-19,-0.33438830423786003,-0.23170232963785983,299.0,299.0,299.0
2018-11-20,0.1553410594810039,-0.19935861768356705,299.0,299.0,299.0
2018-11-21,1.4909665968960872,-0.07061796029958657,299.0,299.0,299.0
2018-11-22,-0.33438830423786003,0.04797565019746819,299.0,299.0,299.0
2018-11-23,-0.37890915548502946,0.12661526357568476,299.0,299.0,500.0
2018-11-24,0.6450704231998678,0.32194591615917084,299.0,500.0,500.0
2018-11-25,3.6724883080073907,0.6625061773186488,500.0,500.0,529.0
2018-11-26,-0.02274234550767384,0.9206216825189352,500.0,529.0,529.0
2018-11-27,-0.2898674529906906,0.8889121609952375,529.0,529.0,529.0
2018-11-28,-0.37890915548502946,0.6625061773186488,529.0,529.0,550.0
2018-11-29,-0.33438830423786003,0.519179140033577,529.0,550.0,550.0
2018-11-30,0.19986191072817328,0.505861140994541,550.0,550.0,524.0
2018-12-01,1.936175109367782,0.7658792174848823,550.0,524.0,1200.0
2018-12-02,1.6245291506375958,1.3848490776193634,524.0,1200.0,1200.0
2018-12-03,0.9567163819300539,1.2459613733475918,1200.0,1200.0,539.0
2018-12-04,0.5115078694583594,1.0728273858306077,1200.0,539.0,539.0
2018-12-05,-0.2898674529906906,0.7861733112604642,539.0,539.0,539.0
2018-12-06,-0.2898674529906906,0.7722211217899679,539.0,539.0,539.0
2018-12-07,-0.37890915548502946,0.7018259840077571,539.0,539.0,539.0
2018-12-08,-0.37890915548502946,0.6047948481466091,539.0,539.0,539.0
2018-12-09,-0.37890915548502946,0.5680118031798811,539.0,539.0,539.0
2018-12-10,-0.37890915548502946,0.5217159017559573,539.0,539.0,539.0
2018-12-11,-0.02274234550767388,0.5236184730468774,539.0,539.0,539.0
2018-12-12,-0.11178404800201279,0.5375706625173736,539.0,539.0,539.0
2018-12-13,-0.37890915548502946,0.5401074242397539,539.0,539.0,539.0
2018-12-14,0.19986191072817328,0.5255210443386626,539.0,539.0,539.0
2018-12-15,0.6005495719526983,0.7126072213252779,539.0,539.0,539.0
2018-12-16,-0.37890915548502946,0.6441146548357174,539.0,539.0,539.0
2018-12-17,-0.37890915548502946,0.5737195170535064,539.0,539.0,539.0
2018-12-18,-0.37890915548502946,0.3999513391059272,539.0,539.0,539.0
2018-12-19,-0.20082575049635165,0.18813173533042973,539.0,539.0,539.0
2018-12-20,2.2033002168507987,0.67518998592882,539.0,539.0,539.0
2018-12-21,-0.37890915548502946,0.7075336978822476,539.0,539.0,539.0
2018-12-22,-0.37890915548502946,0.6174786567559152,539.0,539.0,539.0
2018-12-23,0.06629935698666503,0.5800614213585921,539.0,539.0,1500.0
2018-12-24,5.854010019118693,1.211715090102379,539.0,1500.0,1500.0
2018-12-25,4.117696820479084,2.457265095537617,1500.0,1500.0,1500.0
2018-12-26,-0.37890915548502946,1.9289844669591982,1500.0,1500.0,1500.0
2018-12-27,-0.37890915548502946,1.6670638191770717,1500.0,1500.0,529.0
2018-12-28,-0.37890915548502946,1.28274441831432,1500.0,529.0,529.0
2018-12-29,-0.02274234550767392,1.0918530987449993,529.0,529.0,529.0
2018-12-30,-0.37890915548502946,1.1578089035130448,529.0,529.0,1200.0
2018-12-31,-0.37890915548502946,1.1533695704997444,529.0,1200.0,529.0
2019-01-01,-0.37890915548502946,1.0138476757973778,1200.0,529.0,529.0
2019-01-02,-0.37890915548502946,0.6878737945372608,529.0,529.0,529.0
2019-01-03,-0.37890915548502946,0.604160657716014,529.0,529.0,529.0
2019-01-04,-0.37890915548502946,0.5705485649013963,529.0,529.0,529.0
2019-01-05,-0.37890915548502946,0.6231863706304057,529.0,529.0,529.0
2019-01-06,-0.37890915548502946,0.457662668278832,529.0,529.0,529.0
2019-01-07,-0.37890915548502946,0.3999513391059272,529.0,529.0,529.0
2019-01-08,-0.37890915548502946,0.35365543768200336,529.0,529.0,529.0
2019-01-09,-0.37890915548502946,0.3631682941391992,529.0,529.0,529.0
2019-01-10,-0.37890915548502946,0.24330630278095428,529.0,529.0,529.0
2019-01-11,-0.37890915548502946,0.09300317076020183,529.0,529.0,529.0
2019-01-12,-0.02274234550767392,0.05114660234957841,529.0,529.0,529.0
2019-01-13,-0.37890915548502946,0.03719441287994739,529.0,529.0,529.0
2019-01-14,2.2478210680979682,0.04797565019746819,529.0,529.0,529.0
2019-01-15,0.5115078694583596,0.14944611907191654,529.0,529.0,529.0
2019-01-16,-0.2898674529906906,0.08095355258235605,529.0,529.0,529.0
2019-01-17,-0.37890915548502946,-0.026858820597177903,529.0,529.0,529.0
2019-01-18,-0.37890915548502946,-0.1511601449687232,529.0,529.0,399.0
2019-01-19,-0.37890915548502946,-0.18223547606096063,529.0,399.0,399.0
2019-01-20,-0.33438830423786003,-0.33634375066441835,399.0,399.0,329.0
2019-01-21,-0.37890915548502946,-0.48347593053306065,399.0,329.0,309.0
2019-01-22,-0.37890915548502946,-0.43654583867854174,329.0,309.0,309.0
2019-01-23,-0.37890915548502946,-0.3610771774524354,309.0,309.0,309.0
2019-01-24,-0.0981128227939257,-0.08203338804770245,309.0,309.0,309.0
2019-01-25,-0.0981128227939257,0.05304917364136365,309.0,309.0,309.0
2019-01-26,-0.37890915548502946,0.028315746853346643,309.0,309.0,309.0
2019-01-27,-0.37890915548502946,-0.028761391888963143,309.0,309.0,309.0
2019-01-28,-0.37890915548502946,0.04924403105865835,309.0,309.0,309.0
2019-01-29,-0.37890915548502946,0.1963762109264354,309.0,309.0,309.0
2019-01-30,-0.37890915548502946,0.29467572764877353,309.0,309.0,309.0
2019-01-31,-0.37890915548502946,0.3638024845697943,309.0,309.0,309.0
2019-02-01,-0.37890915548502946,0.3447767716562678,309.0,309.0,309.0
2019-02-02,-0.3387953936720146,0.30038344152326407,309.0,309.0,309.0
2019-02-03,-0.37890915548502946,0.27945515731708714,309.0,309.0,309.0
2019-02-04,-0.37890915548502946,0.25408754009847506,309.0,309.0,309.0
2019-02-05,-0.37890915548502946,0.18622916403950968,309.0,309.0,309.0
2019-02-06,-0.37890915548502946,0.154519642515812,309.0,309.0,309.0
2019-02-07,-0.37890915548502946,0.09173478989987685,309.0,309.0,309.0
2019-02-08,-0.37890915548502946,-0.021785297153282448,309.0,309.0,309.0
2019-02-09,-0.37890915548502946,-0.08774110192219298,309.0,309.0,309.0
2019-02-10,-0.37890915548502946,-0.1835038569221508,309.0,309.0,309.0
2019-02-11,-0.37890915548502946,-0.2621434703003674,309.0,309.0,219.0
2019-02-12,-0.37890915548502946,-0.3629797487442206,309.0,219.0,219.0
2019-02-13,-0.37890915548502946,-0.32365994205511234,219.0,219.0,219.0
2019-02-14,-0.37890915548502946,-0.18667480907512618,219.0,219.0,219.0
2019-02-15,-0.37890915548502946,-0.1543310971208334,219.0,219.0,219.0
2019-02-16,-0.37890915548502946,-0.1619413822871092,219.0,219.0,219.0
2019-02-17,-0.37890915548502946,-0.09471719665700849,219.0,219.0,219.0
2019-02-18,-0.37890915548502946,-0.10613262440512437,219.0,219.0,219.0
2019-02-19,-0.37890915548502946,-0.0338349153328586,219.0,219.0,219.0
2019-02-20,-0.37890915548502946,0.009290033938954983,219.0,219.0,300.0
2019-02-21,-0.37890915548502946,0.08095355258235605,219.0,300.0,300.0
2019-02-22,0.7843899370924005,0.3029202032447792,300.0,300.0,300.0
2019-02-23,0.06234222445813362,0.5382048529479687,300.0,300.0,300.0
2019-02-24,-0.258567870045985,0.4557600969870468,300.0,300.0,300.0
2019-02-25,-0.37890915548502946,0.21540192384082707,300.0,300.0,300.0
2019-02-26,-0.37890915548502946,0.07397745784667535,300.0,300.0,199.0
2019-02-27,-0.37890915548502946,-0.049689676094274854,300.0,199.0,199.0
2019-02-28,-0.37890915548502946,-0.1334028129155217,199.0,199.0,199.0
2019-03-01,-0.37890915548502946,-0.15369690669023833,199.0,199.0,199.0
2019-03-02,-0.37890915548502946,-0.18033290477004058,199.0,199.0,199.0
2019-03-03,-0.37890915548502946,-0.17335681003435988,199.0,199.0,199.0
2019-03-04,-0.37890915548502946,-0.12706090861130126,199.0,199.0,199.0
2019-03-05,-0.37890915548502946,-0.15369690669110353,199.0,199.0,199.0
2019-03-06,-0.37890915548502946,-0.04588453351070437,199.0,199.0,199.0
2019-03-07,-0.37890915548502946,0.0333892702972421,199.0,199.0,199.0
2019-03-08,0.7041624134663709,0.16720345112511803,199.0,199.0,199.0
2019-03-09,-0.3387953936720146,0.4177086711591287,199.0,199.0,199.0
2019-03-10,-0.3387953936720146,0.4316608606296249,199.0,199.0,199.0
2019-03-11,-0.37890915548502946,0.4868354280801494,199.0,199.0,199.0
2019-03-12,-0.37890915548502946,0.5286919964907728,199.0,199.0,199.0
2019-03-13,-0.37890915548502946,0.5451809476827841,199.0,199.0,199.0
2019-03-14,-0.37890915548502946,0.6143077046038049,199.0,199.0,199.0
2019-03-15,-0.3387953936720146,0.7056311265904623,199.0,199.0,199.0
2019-03-16,-0.2986816318589998,0.7690501696378578,199.0,199.0,199.0
2019-03-17,-0.37890915548502946,0.8178828327832967,199.0,199.0,400.0
2019-03-18,-0.37890915548502946,0.8622761629163004,199.0,400.0,400.0
2019-03-19,-0.37890915548502946,0.7538295993061714,400.0,400.0,199.0
2019-03-20,-0.37890915548502946,0.48873799937193463,400.0,199.0,350.0
2019-03-21,-0.37890915548502946,0.39614619652322186,199.0,350.0,350.0
2019-03-22,-0.37890915548502946,0.26994230086075655,350.0,350.0,350.0
2019-03-23,-0.37890915548502946,0.12788364443600975,350.0,350.0,350.0
2019-03-24,-0.3387953936720146,-0.02368786844506769,350.0,350.0,350.0
2019-03-25,-0.37890915548502946,-0.2050663315580576,350.0,350.0,350.0
2019-03-26,-0.3387953936720146,-0.3877131755322376,350.0,350.0,239.0
2019-03-27,-0.37890915548502946,-0.5354795458306097,350.0,239.0,239.0
2019-03-28,1.626778935165712,-0.35093013056550965,239.0,239.0,239.0
2019-03-29,-0.37890915548502946,-0.17843033347912052,239.0,239.0,239.0
2019-03-30,-0.37890915548502946,-0.15052595453812811,239.0,239.0,239.0
2019-03-31,0.5437073662143114,-0.06491024642509603,239.0,239.0,500.0
2019-04-01,3.191215645873291,0.3441425812256727,239.0,500.0,500.0
2019-04-02,-0.37890915548502946,0.7760262643726733,500.0,500.0,399.0
2019-04-03,-0.3387953936720146,0.5179107591723868,500.0,399.0,399.0
2019-04-04,-0.37890915548502946,0.14120164347591085,399.0,399.0,299.0
2019-04-05,-0.37890915548502946,-0.05729996125968544,399.0,299.0,299.0
2019-04-06,-0.37890915548502946,-0.2748272789096734,299.0,299.0,299.0
2019-04-07,-0.37890915548502946,-0.3731267956320115,299.0,299.0,199.0
2019-04-08,-0.37890915548502946,-0.4527629939720974,299.0,199.0,199.0
2019-04-09,-0.3374049029952964,-0.538143145638763,199.0,199.0,220.0
2019-04-10,-0.37890915548502946,-0.46508440804926404,199.0,220.0,220.0
2019-04-11,0.4511758943096316,-0.2932188013926048,220.0,220.0,220.0
2019-04-12,-0.29590065050556336,-0.13213443205433154,220.0,220.0,220.0
2019-04-13,-0.37890915548502946,-0.13720795549822698,220.0,220.0,220.0
2019-04-14,-0.37890915548502946,-0.1048642435447994,220.0,220.0,225.0
2019-04-15,-0.37890915548502946,-0.0731547220211017,220.0,225.0,225.0
2019-04-16,-0.37890915548502946,-0.07061796029958657,225.0,225.0,225.0
2019-04-17,-0.37890915548502946,-0.058568342120875604,225.0,225.0,225.0
2019-04-18,-0.37890915548502946,-0.03446910576345368,225.0,225.0,225.0
2019-04-19,-0.37890915548502946,-0.01354082155727678,225.0,225.0,225.0
2019-04-20,-0.37890915548502946,0.03846279374113755,225.0,225.0,225.0
2019-04-21,0.16064612688150026,0.10061345592647761,225.0,225.0,500.0
2019-04-22,2.858422538714149,0.7354380768223748,225.0,500.0,500.0
2019-04-23,-0.37890915548502946,0.9237926346710454,500.0,500.0,500.0
2019-04-24,-0.37890915548502946,0.5845007543718924,500.0,500.0,500.0
2019-04-25,-0.37890915548502946,0.22681735158894295,500.0,500.0,299.0
2019-04-26,-0.37890915548502946,-0.09915652967030887,500.0,299.0,220.0
2019-04-27,-0.37890915548502946,-0.24058099566446056,299.0,220.0,220.0
2019-04-28,-0.29590065050556336,-0.12706090861130126,220.0,220.0,220.0
2019-04-29,0.3266631368404325,0.0689039344027799,220.0,220.0,220.0
2019-04-30,-0.37890915548502946,0.12217593056238439,220.0,220.0,220.0
2019-05-01,-0.37890915548502946,0.13866488175439573,220.0,220.0,220.0
2019-05-02,-0.37890915548502946,0.17988725973442407,220.0,220.0,220.0
2019-05-03,-0.37890915548502946,0.26867391999956636,220.0,220.0,220.0
2019-05-04,-0.37890915548502946,0.3986829582456022,220.0,220.0,220.0
2019-05-05,-0.37890915548502946,0.4487840022522313,220.0,220.0,220.0
2019-05-06,-0.37890915548502946,0.4982508558282653,220.0,220.0,220.0
2019-05-07,-0.37890915548502946,0.5464493285439743,220.0,220.0,220.0
2019-05-08,-0.37890915548502946,0.5997213247027137,220.0,220.0,220.0
2019-05-09,-0.29590065050556336,0.6935815084117514,220.0,220.0,400.0
2019-05-10,-0.2543963980158303,0.7715869313593728,220.0,400.0,400.0
2019-05-11,-0.37890915548502946,0.6384069409612269,400.0,400.0,500.0
2019-05-12,1.9038247314502887,0.6720190337758446,400.0,500.0,500.0
2019-05-13,-0.08837938805689807,1.0671196719561171,500.0,500.0,500.0
2019-05-14,-0.37890915548502946,0.8318350222529277,500.0,500.0,500.0
2019-05-15,-0.37890915548502946,0.4868354280801494,500.0,500.0,500.0
2019-05-16,-0.37890915548502946,0.11900497840940899,500.0,500.0,299.0
2019-05-17,-0.37890915548502946,-0.10740100526631453,500.0,299.0,299.0
2019-05-18,-0.37890915548502946,-0.2336049009287799,299.0,299.0,299.0
2019-05-19,-0.37890915548502946,-0.2963897535455802,299.0,299.0,240.0
2019-05-20,-0.37890915548502946,-0.3560036540094051,299.0,240.0,240.0
2019-05-21,-0.37890915548502946,-0.29512137268439004,240.0,240.0,240.0
2019-05-22,-0.37890915548502946,-0.2399468052338655,240.0,240.0,240.0
2019-05-23,-0.37890915548502946,-0.19491928467113187,240.0,240.0,240.0
2019-05-24,-0.37890915548502946,-0.11184033827961491,240.0,240.0,240.0
2019-05-25,-0.37890915548502946,-0.023053678014472608,240.0,240.0,240.0
2019-05-26,-0.37890915548502946,0.009924224369550063,240.0,240.0,500.0
2019-05-27,-0.12988364054663115,0.08539288559479123,240.0,500.0,500.0
2019-05-28,1.1152439341453604,0.3891701017884064,500.0,500.0,500.0
2019-05-29,0.1191418743917672,0.27311325301286676,500.0,500.0,500.0
2019-05-30,-0.37890915548502946,0.07714840999878557,500.0,500.0,500.0
2019-05-31,1.2397566916145597,-0.06427605599450095,500.0,500.0,550.0
2019-06-01,0.03613336941230107,-0.18857738036604624,500.0,550.0,550.0
2019-06-02,-0.37890915548502946,-0.5056725955986973,550.0,550.0,550.0
2019-06-03,-0.37890915548502946,-0.7802770519909951,550.0,550.0,550.0
2019-06-04,-0.37890915548502946,-1.0136591304023992,550.0,550.0,550.0
2019-06-05,1.1567481866350935,-1.0523447466609124,550.0,550.0,550.0
2019-06-06,-0.37890915548502946,-1.180451213615163,550.0,550.0,550.0
2019-06-07,-0.005370883077431992,-1.3580245341454478,550.0,550.0,399.0
2019-06-08,-0.37890915548502946,-1.654825655603382,550.0,399.0,299.0
2019-06-09,-0.37890915548502946,-1.7162594068669919,399.0,299.0,299.0
2019-06-10,-0.37890915548502946,-1.7068292709017965,299.0,299.0,400.0
2019-06-11,-0.3374049029952964,-1.6262870862317946,299.0,400.0,549.0
2019-06-12,2.4848842663065516,-1.4893019532518084,400.0,549.0,549.0
2019-06-13,-0.21289214552609723,-1.2812874920590163,549.0,549.0,600.0
2019-06-14,-0.3374049029952964,-1.4778865255036926,549.0,600.0,499.0
2019-06-15,-0.37890915548502946,-1.738538792424629,600.0,499.0,399.0
2019-06-16,-0.37890915548502946,-1.8564982124910887,499.0,399.0,399.0
2019-06-17,-0.37890915548502946,-1.9319668737163298,399.0,399.0,399.0
2019-06-18,-0.37890915548502946,-1.983970489014744,399.0,399.0,399.0
2019-06-19,-0.37890915548502946,-2.0467553416315445,399.0,399.0,399.0
2019-06-20,-0.29590065050556336,-2.087977719611573,399.0,399.0,399.0
2019-06-21,1.6963034690016234,-1.6522888938810019,399.0,399.0,399.0
2019-06-22,-0.37890915548502946,-1.4835942393773178,399.0,399.0,399.0
2019-06-23,0.4926801467993647,-1.4423718613972896,399.0,399.0,399.0
2019-06-24,-0.1713878930363642,-1.4036862451387764,399.0,399.0,399.0
2019-06-25,-0.3374049029952964,-1.4813332126259653,399.0,399.0,399.0
2019-06-26,-0.37890915548502946,-1.5596970910331542,399.0,399.0,399.0
2019-06-27,-0.37890915548502946,-1.6313606096765552,399.0,399.0,399.0
2019-06-28,-0.37890915548502946,-1.6846326058344294,399.0,399.0,399.0
2019-06-29,-0.37890915548502946,-1.7480516488818247,399.0,399.0,399.0
2019-06-30,-0.37890915548502946,-1.8051287876232693,399.0,399.0,399.0
2019-07-01,0.7589314321370746,-1.7810295512658474,399.0,399.0,399.0
2019-07-02,-0.20385675738932116,-1.6871693675568098,399.0,399.0,399.0
2019-07-03,1.2403255269002724,-1.3967101504030957,399.0,399.0,499.0
2019-07-04,8.067369052632895,-0.38200546165861227,399.0,499.0,499.0
2019-07-05,-0.07256745881753994,0.650456559140803,499.0,499.0,499.0
2019-07-06,-0.33514605596110236,0.6047948481466091,499.0,499.0,499.0
2019-07-07,-0.37890915548502946,0.5705485649013963,499.0,499.0,499.0
2019-07-08,-0.37890915548502946,0.505861140994541,499.0,499.0,499.0
2019-07-09,-0.37890915548502946,0.45068657354315134,499.0,499.0,499.0
2019-07-10,-0.37890915548502946,0.38219400705272566,499.0,499.0,499.0
2019-07-11,-0.33514605596110236,0.32197348965592754,499.0,499.0,499.0
2019-07-12,0.3213004368978038,0.33716648648999203,499.0,499.0,499.0
2019-07-13,-0.33514605596110236,0.32575105874187615,499.0,499.0,499.0
2019-07-14,0.4525897354695849,0.398682958244737,499.0,499.0,499.0
2019-07-15,0.014958740230314198,0.5274236156295826,499.0,499.0,499.0
2019-07-16,1.3716148254720535,0.7487560758622759,499.0,499.0,499.0
2019-07-17,-0.2913829564371753,0.7468535045704907,499.0,499.0,499.0
2019-07-18,-0.33514605596110236,0.7405116002662703,499.0,499.0,550.0
2019-07-19,1.3278517259481266,0.8996933983127583,499.0,550.0,550.0
2019-07-20,-0.2913829564371753,1.0017980576178016,550.0,550.0,550.0
2019-07-21,-0.37890915548502946,0.9180849207965549,550.0,550.0,550.0
2019-07-22,-0.37890915548502946,0.7836365495380838,550.0,550.0,550.0
2019-07-23,-0.33514605596110236,0.6606409113462594,550.0,550.0,550.0
2019-07-24,-0.37890915548502946,0.590208468246383,550.0,550.0,550.0
2019-07-25,0.19001113832602254,0.5223500921865524,550.0,550.0,550.0
2019-07-26,-0.2913829564371753,0.5293261869213679,550.0,550.0,550.0
2019-07-27,-0.37890915548502946,0.3441425812256727,550.0,550.0,550.0
2019-07-28,-0.33514605596110236,0.21667030470201723,550.0,550.0,550.0
2019-07-29,-0.37890915548502946,0.1361281200320154,550.0,550.0,550.0
2019-07-30,1.2403255269002724,0.22428058986742783,550.0,550.0,550.0
2019-07-31,-0.2913829564371753,0.21349935254904182,550.0,550.0,550.0
2019-08-01,-0.37890915548502946,0.08412450473360107,550.0,550.0,399.0
2019-08-02,-0.24761985691324825,-0.05222643781578999,550.0,399.0,399.0
2019-08-03,-0.37890915548502946,-0.18794318993545117,399.0,399.0,399.0
2019-08-04,0.2337742378499496,-0.05603158039849528,399.0,399.0,399.0
2019-08-05,-0.2913829564371753,0.01690031910436557,399.0,399.0,399.0
2019-08-06,-0.37890915548502946,0.05875688751585418,399.0,399.0,399.0
2019-08-07,-0.37890915548502946,0.08412450473446627,399.0,399.0,399.0
2019-08-08,0.2337742378499497,0.18052145016501914,399.0,399.0,399.0
2019-08-09,0.36506353642173084,0.31560401185408526,399.0,399.0,399.0
2019-08-10,0.2775373373738767,0.4614678108615373,399.0,399.0,550.0
2019-08-11,1.1527993278524182,0.8489581638755341,399.0,550.0,550.0
2019-08-12,0.5401159345174392,0.9650150126510737,550.0,550.0,550.0
2019-08-13,0.2337742378499496,1.0385811025853948,550.0,550.0,550.0
2019-08-14,-0.33514605596110236,0.9859432968563855,550.0,550.0,550.0
2019-08-15,-0.37890915548502946,0.8857412088431272,550.0,550.0,550.0
2019-08-16,-0.37890915548502946,0.7550979801664963,550.0,550.0,550.0
2019-08-17,-0.02880435929361285,0.6739216050676299,550.0,550.0,550.0
2019-08-18,-0.33514605596110236,0.5857691352322174,550.0,550.0,550.0
2019-08-19,-0.37890915548502946,0.458931049139157,550.0,550.0,550.0
2019-08-20,-0.02880435929361285,0.38155981662213057,550.0,550.0,550.0
2019-08-21,1.1090362283284911,0.6428462739745272,550.0,550.0,550.0
2019-08-22,0.3213004368978038,0.6783609380809302,550.0,550.0,550.0
2019-08-23,0.36506353642173084,0.7703185504981828,550.0,550.0,550.0
2019-08-24,-0.37890915548502946,0.6580668443062135,550.0,550.0,550.0
2019-08-25,-0.37890915548502946,0.5401074242397539,550.0,550.0,550.0
2019-08-26,-0.33514605596110236,0.42151381374183394,550.0,550.0,550.0
2019-08-27,-0.37890915548502946,0.2991150606620739,550.0,550.0,550.0
2019-08-28,-0.37890915548502946,0.18496078317831952,550.0,550.0,550.0
2019-08-29,-0.37890915548502946,0.0473414597677383,550.0,550.0,399.0
2019-08-30,-0.2913829564371753,-0.06617862728628619,550.0,399.0,399.0
2019-08-31,-0.24761985691324825,-0.14989176410753302,399.0,399.0,399.0
2019-09-01,-0.37890915548502946,-0.08774110192219298,399.0,399.0,399.0
2019-09-02,-0.37890915548502946,-0.08013081675591721,399.0,399.0,550.0
2019-09-03,-0.24761985691324825,0.03656022244935231,399.0,550.0,550.0
2019-09-04,1.459141024519908,0.4303924797684347,550.0,550.0,550.0
2019-09-05,0.8464576311849288,0.7436825524183804,550.0,550.0,550.0
2019-09-06,0.7151683326131475,0.7474876950010858,550.0,550.0,550.0
2019-09-07,-0.37890915548502946,0.6663113199022193,550.0,550.0,550.0
2019-09-08,0.8464576311849288,0.7563663610276865,550.0,550.0,550.0
2019-09-09,0.14624803880209541,0.7804655973851085,550.0,550.0,550.0
2019-09-10,-0.07256745881753994,0.7081678883128427,550.0,550.0,550.0
2019-09-11,-0.37890915548502946,0.5680118031798811,550.0,550.0,550.0
2019-09-12,-0.37890915548502946,0.45258914483493656,550.0,550.0,550.0
2019-09-13,-0.33514605596110236,0.2610636348341558,550.0,550.0,550.0
2019-09-14,0.32130043689780385,0.2616978252647509,550.0,550.0,550.0
2019-09-15,-0.33514605596110236,0.19383944920492027,550.0,550.0,550.0
2019-09-16,-0.37890915548502946,0.04987822148925343,550.0,550.0,550.0
2019-09-17,-0.2913829564371753,-0.06427605599450095,550.0,550.0,550.0
2019-09-18,-0.37890915548502946,-0.11184033827961491,550.0,550.0,399.0
2019-09-19,-0.33514605596110236,-0.17716195261793036,550.0,399.0,399.0
2019-09-20,-0.37890915548502946,-0.32133559266025996,399.0,399.0,399.0
2019-09-21,-0.37890915548502946,-0.3026930682002157,399.0,399.0,399.0
2019-09-22,-0.37890915548502946,-0.3028900785186123,399.0,399.0,399.0
2019-09-23,-0.37890915548502946,-0.32845470605475585,399.0,399.0,399.0
2019-09-24,0.647434164490867,-0.15932287143800836,399.0,399.0,370.0
2019-09-25,0.15657431580674255,-0.08849055354359901,399.0,370.0,370.0
2019-09-26,-0.28966191026973415,-0.04175747200661157,370.0,370.0,370.0
2019-09-27,-0.33428553287738183,0.09693322194676318,370.0,370.0,370.0
2019-09-28,-0.37890915548502946,0.12590897143054913,370.0,370.0,370.0
2019-09-29,-0.37890915548502946,0.17918966571495298,370.0,370.0,370.0
2019-09-30,1.6737774844667634,0.4571965459283634,370.0,370.0,370.0
2019-10-01,-0.11116741983914341,0.677063614982335,370.0,370.0,370.0
2019-10-02,-0.11116741983914341,0.658475082181007,370.0,370.0,370.0
2019-10-03,-0.37890915548502946,0.7331125426581216,370.0,370.0,370.0
2019-10-04,-0.37890915548502946,0.755746387836822,370.0,370.0,370.0
2019-10-05,-0.37890915548502946,0.7561835679498856,370.0,370.0,370.0
2019-10-06,0.1119506931990949,0.8974110236256407,370.0,370.0,370.0
2019-10-07,-0.37890915548502946,0.9124345836389305,370.0,370.0,370.0
2019-10-08,-0.33428553287738183,0.8970170029897127,370.0,370.0,550.0
2019-10-09,-0.37890915548502946,0.872086565883299,370.0,550.0,550.0
2019-10-10,0.022703447983799512,0.804031179505937,550.0,550.0,550.0
2019-10-11,3.1463570305191366,0.9940912983279963,550.0,550.0,550.0
2019-10-12,-0.0665437972314958,1.057313331056995,550.0,550.0,550.0
2019-10-13,-0.11116741983914345,0.9118867121626065,550.0,550.0,549.0
2019-10-14,-0.15579104244679112,0.8837853229040827,550.0,549.0,549.0
2019-10-15,3.324851520949727,0.9996451613612257,549.0,549.0,549.0
2019-10-16,-0.33428553287738183,0.948078726175875,549.0,549.0,549.0
2019-10-17,-0.37890915548502946,0.7766502996322794,549.0,549.0,549.0
2019-10-18,-0.37890915548502946,0.7314257687511492,549.0,549.0,549.0
2019-10-19,-0.15579104244679112,0.6741516196913079,549.0,549.0,549.0
2019-10-20,-0.37890915548502946,0.5585319510288319,549.0,549.0,499.0
2019-10-21,-0.28966191026973415,0.37949323931982576,549.0,499.0,449.0
2019-10-22,-0.24503828766208646,0.21757766923256078,499.0,449.0,399.0
2019-10-23,-0.06654379723149575,0.28714160626577995,449.0,399.0,399.0
2019-10-24,-0.33428553287738183,0.18801088879531533,399.0,399.0,379.0
2019-10-25,-0.37890915548502946,0.2195234000006164,399.0,379.0,379.0
2019-10-26,-0.37890915548502946,0.22630248441790046,379.0,379.0,379.0
2019-10-27,-0.37890915548502946,0.2127874750604679,379.0,379.0,379.0
2019-10-28,-0.20041466505443878,0.2741069364976814,379.0,379.0,379.0
2019-10-29,-0.28966191026973415,0.29037207900451417,379.0,379.0,379.0
2019-10-30,-0.37890915548502946,0.22174382814504748,379.0,379.0,379.0
2019-10-31,-0.37890915548502946,0.2249147802980229,379.0,379.0,379.0
2019-11-01,-0.37890915548502946,0.13676231046261048,379.0,379.0,379.0
2019-11-02,-0.37890915548502946,0.09871088463469237,379.0,379.0,379.0
2019-11-03,-0.37890915548502946,0.021339652118531133,379.0,379.0,379.0
2019-11-04,-0.37890915548502946,0.04987822148925343,379.0,379.0,379.0
2019-11-05,-0.37890915548502946,-0.04715291437189453,379.0,379.0,379.0
2019-11-06,-0.37890915548502946,-0.04271358135945935,379.0,379.0,379.0
2019-11-07,-0.37890915548502946,-0.03446910576345368,379.0,379.0,379.0
2019-11-08,-0.37890915548502946,-0.0940830062272786,379.0,379.0,379.0
2019-11-09,-0.37890915548502946,-0.14291566937271752,379.0,379.0,549.0
2019-11-10,3.771087747026203,0.4747858099005733,379.0,549.0,549.0
2019-11-11,0.022703447983799512,0.9003275887433534,549.0,549.0,549.0
2019-11-12,-0.28966191026973415,0.6181128471865102,549.0,549.0,549.0
2019-11-13,-0.37890915548502946,0.32511686831128106,549.0,549.0,549.0
2019-11-14,0.06732707059144724,0.1748137362913938,549.0,549.0,549.0
2019-11-15,-0.37890915548502946,-0.13467119377671186,549.0,549.0,299.0
2019-11-16,-0.37890915548502946,-0.3141470855987817,549.0,299.0,299.0
2019-11-17,-0.37890915548502946,-0.24121518609505566,299.0,299.0,299.0
2019-11-18,0.7813050323138099,-0.10359586268360924,299.0,299.0,299.0
2019-11-19,-0.37890915548502946,0.012460986091930385,299.0,299.0,299.0
2019-11-20,-0.28966191026973415,0.03592603201875723,299.0,299.0,299.0
2019-11-21,-0.37890915548502946,0.05178079278017349,299.0,299.0,299.0
2019-11-22,-0.37890915548502946,0.06319622052915455,299.0,299.0,299.0
2019-11-23,-0.37890915548502946,0.08095355258235605,299.0,299.0,299.0
2019-11-24,-0.37890915548502946,0.11710240711848893,299.0,299.0,299.0
2019-11-25,-0.37890915548502946,0.1392990721849908,299.0,299.0,299.0
2019-11-26,-0.33428553287738183,0.20525487695303615,299.0,299.0,299.0
2019-11-27,-0.37890915548502946,0.17100859370782331,299.0,299.0,299.0
2019-11-28,-0.37890915548502946,0.1646666894036029,299.0,299.0,299.0
2019-11-29,-0.37890915548502946,0.17354535543020363,299.0,299.0,299.0
2019-11-30,-0.33428553287738183,0.15515383294640706,299.0,299.0,299.0
2019-12-01,0.4689396740602762,0.3016518223844542,299.0,299.0,299.0
2019-12-02,0.022703447983799592,0.48176190463625396,299.0,299.0,299.0
2019-12-03,0.9151759001367531,0.6460172261266375,299.0,299.0,299.0
2019-12-04,-0.37890915548502946,0.6479197974184226,299.0,299.0,299.0
2019-12-05,-0.37890915548502946,0.5768904692056167,299.0,299.0,299.0
2019-12-06,-0.37890915548502946,0.5267894251989876,299.0,299.0,299.0
2019-12-07,-0.20041466505443878,0.604160657716014,299.0,299.0,299.0
2019-12-08,1.1829176357826392,0.7899784538423043,299.0,299.0,299.0
2019-12-09,-0.11116741983914341,0.9041327313269238,299.0,299.0,299.0
2019-12-10,-0.37890915548502946,0.821687975366002,299.0,299.0,299.0
2019-12-11,-0.33090495540710546,0.7037285552995423,299.0,299.0,299.0
2019-12-12,0.9172042466189191,0.7468535045704907,299.0,299.0,299.0
2019-12-13,-0.33090495540710546,0.7893442634117092,299.0,299.0,299.0
2019-12-14,-0.37890915548502946,0.6942156988423465,299.0,299.0,299.0
2019-12-15,-0.37890915548502946,0.6162102758955902,299.0,299.0,299.0
2019-12-16,1.1092210469306154,0.6542617017226431,299.0,299.0,400.0
2019-12-17,1.8772882481773996,0.9656492030816688,299.0,400.0,400.0
2019-12-18,-0.13888815509540933,0.8565684490418098,400.0,400.0,400.0
2019-12-19,-0.37890915548502946,0.664408748610434,400.0,400.0,400.0
2019-12-20,0.053128645216286796,0.5394732338091588,400.0,400.0,400.0
2019-12-21,-0.37890915548502946,0.3999513391059272,400.0,400.0,400.0
2019-12-22,-0.37890915548502946,0.17735049801290895,400.0,400.0,400.0
2019-12-23,-0.37890915548502946,0.01690031910436557,400.0,400.0,400.0
2019-12-24,0.05312864521628671,-0.12515833731951603,400.0,400.0,350.0
2019-12-25,2.8373722497358815,-0.10993776698869485,400.0,350.0,350.0
2019-12-26,1.5412588476319316,0.786173311259599,350.0,350.0,350.0
2019-12-27,-0.37890915548502946,0.8407136882795284,350.0,350.0,350.0
2019-12-28,-0.37890915548502946,0.6713848433452495,350.0,350.0,350.0
2019-12-29,-0.37890915548502946,0.5895742778157879,350.0,350.0,350.0
2019-12-30,-0.37890915548502946,0.42595314675513435,350.0,350.0,350.0
2019-12-31,-0.37890915548502946,0.5198133304641721,350.0,350.0,350.0
2020-01-01,-0.37890915548502946,0.4062932434110128,350.0,350.0,350.0
2020-01-02,-0.37890915548502946,0.1855949736089146,350.0,350.0,299.0
2020-01-03,-0.37890915548502946,0.08792964731717157,350.0,299.0,299.0
2020-01-04,-0.37890915548502946,-0.09915652967030887,299.0,299.0,299.0
2020-01-05,-0.37890915548502946,-0.1511601449687232,299.0,299.0,299.0
2020-01-06,-0.37890915548502946,-0.3705900339096312,299.0,299.0,299.0
2020-01-07,-0.37890915548502946,-0.35219851142583464,299.0,299.0,299.0
2020-01-08,-0.37890915548502946,-0.2754614693394033,299.0,299.0,299.0
2020-01-09,-0.37890915548502946,-0.3889815563934278,299.0,299.0,299.0
2020-01-10,-0.37890915548502946,-0.4986965008638818,299.0,299.0,299.0
2020-01-11,-0.37890915548502946,-0.48030497838008523,299.0,299.0,299.0
2020-01-12,-0.37890915548502946,-0.49235459655966135,299.0,299.0,299.0
2020-01-13,-0.37890915548502946,-0.5874831611290241,299.0,299.0,299.0
2020-01-14,0.19714124545005882,-0.5874831611290241,299.0,299.0,299.0
2020-01-15,-0.37890915548502946,-0.6635860127848604,299.0,299.0,299.0
2020-01-16,-0.37890915548502946,-0.7720325763949893,299.0,299.0,299.0
2020-01-17,-0.37890915548502946,-0.8969680911962645,299.0,299.0,299.0
2020-01-18,-0.37890915548502946,-1.0161958921239145,299.0,299.0,299.0
2020-01-19,-0.37890915548502946,-1.1011774098063514,299.0,299.0,299.0
2020-01-20,-0.37890915548502946,-1.1684015954355869,299.0,299.0,249.0
2020-01-21,-0.37890915548502946,-1.2058188308337752,299.0,249.0,249.0
2020-01-22,-0.37890915548502946,-1.228649686330007,249.0,249.0,230.0
2020-01-23,-0.37890915548502946,-1.3060209188470333,249.0,230.0,230.0
2020-01-24,-0.37890915548502946,-1.2730430164630107,230.0,230.0,230.0
2020-01-25,-0.37890915548502946,-1.2375283523566076,230.0,230.0,230.0
2020-01-26,-0.37890915548502946,-1.1861589274887885,230.0,230.0,230.0
2020-01-27,-0.37890915548502946,-1.1392288356351348,230.0,230.0,230.0
2020-01-28,-0.37890915548502946,-1.2140633064297808,230.0,230.0,230.0
2020-01-29,-0.37890915548502946,-1.2603592078537047,230.0,230.0,230.0
2020-01-30,-0.37890915548502946,-1.2958738719592424,230.0,230.0,230.0
2020-01-31,-0.37890915548502946,-1.471544621198607,230.0,230.0,230.0
2020-02-01,-0.37890915548502946,-1.3890998652376851,230.0,230.0,230.0
2020-02-02,-0.37890915548502946,-1.5742834709342455,230.0,230.0,230.0
2020-02-03,-0.37890915548502946,-1.590772422126257,230.0,230.0,230.0
2020-02-04,-0.37890915548502946,-1.4747155733507171,230.0,230.0,230.0
2020-02-05,-0.37890915548502946,-1.5983827072916674,230.0,230.0,219.0
2020-02-06,-0.37890915548502946,-1.7195130795102374,230.0,219.0,219.0
2020-02-07,-0.37890915548502946,-1.7696141235177316,219.0,219.0,219.0
2020-02-08,-0.2829007553291814,-1.762638028782051,219.0,219.0,219.0
2020-02-09,-0.37890915548502946,-1.7943475503057487,219.0,219.0,199.0
2020-02-10,-0.37890915548502946,-1.822886119676471,219.0,199.0,199.0
2020-02-11,-0.37890915548502946,-1.8209835483846857,199.0,199.0,199.0
2020-02-12,-0.37890915548502946,-1.8102023110671648,199.0,199.0,199.0
2020-02-13,-0.37890915548502946,-1.849522117756273,199.0,199.0,199.0
2020-02-14,-0.37890915548502946,-1.824788690968256,199.0,199.0,199.0
2020-02-15,-0.37890915548502946,-1.8425460230214576,199.0,199.0,199.0
2020-02-16,-0.33090495540710546,-1.821479871330632,199.0,199.0,199.0
2020-02-17,-0.37890915548502946,-1.8222519292458759,199.0,199.0,199.0
2020-02-18,-0.37890915548502946,-1.8419118325908626,199.0,199.0,299.0
2020-02-19,-0.37890915548502946,-1.8330331665642619,199.0,299.0,299.0
2020-02-20,-0.37890915548502946,-1.860303355074659,299.0,299.0,299.0
2020-02-21,-0.23489655525125736,-1.8856709722932712,299.0,299.0,299.0
2020-02-22,0.10113284529421081,-1.9034283043456075,299.0,299.0,280.0
2020-02-23,-0.2829007553291814,-2.0258270574253676,299.0,280.0,280.0
2020-02-24,-0.37890915548502946,-2.11397952726078,280.0,280.0,280.0
2020-02-25,-0.37890915548502946,-2.1552019052408085,280.0,280.0,280.0
2020-02-26,-0.37890915548502946,-2.1685199042807093,280.0,280.0,280.0
2020-02-27,-0.37890915548502946,-2.1907165693472113,280.0,280.0,280.0
2020-02-28,-0.37890915548502946,-2.2179867578567434,280.0,280.0,280.0
2020-02-29,-0.37890915548502946,-2.3143837032872963,280.0,280.0,280.0
2020-03-01,-0.37890915548502946,-2.3055050372615606,280.0,280.0,280.0
2020-03-02,-0.37890915548502946,-2.339751320505908,280.0,280.0,280.0
2020-03-03,-0.37890915548502946,-2.3638505568641954,280.0,280.0,280.0
2020-03-04,1.305169391181913,-2.1938875214993216,280.0,280.0,280.0
2020-03-05,-0.30568834910617204,-2.028998009578343,280.0,280.0,280.0
2020-03-06,-0.37890915548502946,-2.126663335870086,280.0,280.0,280.0
2020-03-07,-0.37890915548502946,-2.216084186565823,280.0,280.0,280.0
2020-03-08,-0.37890915548502946,-2.2890160860686843,280.0,280.0,280.0
2020-03-09,0.7433564932423973,-2.271258754015483,280.0,280.0,280.0
2020-03-10,-0.33574509207243614,-2.2458911367968706,280.0,280.0,280.0
2020-03-11,-0.37890915548502946,-2.226231233452749,280.0,280.0,280.0
2020-03-12,-0.37890915548502946,-2.2243286621618292,280.0,280.0,280.0
2020-03-13,-0.37890915548502946,-2.3055050372615606,280.0,280.0,280.0
2020-03-14,-0.33574509207243614,-2.3739976037511212,280.0,280.0,280.0
2020-03-15,-0.37890915548502946,-2.4019019826921135,280.0,280.0,280.0
2020-03-16,-0.37890915548502946,-2.444392741533332,280.0,280.0,280.0
2020-03-17,-0.37890915548502946,-2.5921591118317044,280.0,280.0,280.0
2020-03-18,-0.37890915548502946,-2.6682619634875406,280.0,280.0,280.0
2020-03-19,-0.37890915548502946,-2.755780242891493,280.0,280.0,280.0
2020-03-20,-0.37890915548502946,-2.857884902196536,280.0,280.0,280.0
2020-03-21,-0.37890915548502946,-2.857884902196536,280.0,280.0,280.0
2020-03-22,-0.21280120609760692,-2.84203014143512,280.0,280.0,280.0
2020-03-23,1.1571840553027328,-2.7145578649114643,280.0,280.0,280.0
2020-03-24,-0.31243649782963584,-2.578206922361208,280.0,280.0,280.0
2020-03-25,-0.37890915548502946,-2.5934274926928946,280.0,280.0,280.0
2020-03-26,-0.37890915548502946,-2.6080138725931206,280.0,280.0,280.0
2020-03-27,0.009567415228310597,-2.5655231137527674,280.0,280.0,280.0
2020-03-28,-0.24941696524724943,-2.5471315912689705,280.0,280.0,280.0
2020-03-29,-0.37890915548502946,-2.578206922361208,280.0,280.0,280.0
2020-03-30,0.5275361761794307,-2.48054159607033,280.0,280.0,280.0
2020-03-31,-0.33574509207243614,-2.393657507096108,280.0,280.0,280.0
2020-04-01,-0.37890915548502946,-2.3797053176256115,280.0,280.0,280.0
2020-04-02,-0.37890915548502946,-2.3816078889165317,280.0,280.0,280.0
2020-04-03,-0.37890915548502946,-2.421561886036235,280.0,280.0,280.0
2020-04-04,-0.37890915548502946,-2.420927695606505,280.0,280.0,280.0
2020-04-05,-0.37890915548502946,-2.4507346458375525,280.0,280.0,280.0
2020-04-06,-0.37890915548502946,-2.501469880274777,280.0,280.0,280.0
2020-04-07,-0.37890915548502946,-2.524934926202469,280.0,280.0,280.0
2020-04-08,-0.11992477500946944,-2.5306426400769593,280.0,280.0,280.0
2020-04-09,-0.37890915548502946,-2.5851830170968886,280.0,280.0,280.0
2020-04-10,-0.37890915548502946,-2.6187951099115065,280.0,280.0,280.0
2020-04-11,-0.37890915548502946,-2.6295763472290274,280.0,280.0,280.0
2020-04-12,-0.20625290183465608,-2.609916443884906,280.0,280.0,280.0
2020-04-13,0.6570283664172105,-2.3327752257710928,280.0,280.0,280.0
2020-04-14,-0.24941696524724946,-2.3365803683537982,280.0,280.0,280.0
2020-04-15,-0.37890915548502946,-2.370826651599011,280.0,280.0,280.0
2020-04-16,-0.37890915548502946,-2.419659314745315,280.0,280.0,280.0
2020-04-17,0.700192429829804,-2.285210943486844,280.0,280.0,280.0
2020-04-18,-0.24941696524724943,-2.0454869607703543,280.0,280.0,280.0
2020-04-19,-0.33574509207243614,-1.9960201071943202,280.0,280.0,280.0
2020-04-20,-0.33574509207243614,-1.9560661100746168,280.0,280.0,280.0
2020-04-21,-0.37890915548502946,-1.9262591598427043,280.0,280.0,280.0
2020-04-22,-0.37890915548502946,-1.919283065107889,280.0,280.0,280.0
2020-04-23,-0.37890915548502946,-1.8907423887910906,280.0,280.0,280.0
2020-04-24,-0.37890915548502946,-1.8901103053057065,280.0,280.0,280.0
2020-04-25,-0.37890915548502946,-1.944650682326501,280.0,280.0,280.0
2020-04-26,-0.37890915548502946,-1.9427481110347158,280.0,280.0,280.0
2020-04-27,-0.37890915548502946,-1.923088207689729,280.0,280.0,280.0
2020-04-28,-0.37890915548502946,-1.9275275407038945,280.0,280.0,280.0
2020-04-29,-0.37890915548502946,-1.9243565885509193,280.0,280.0,280.0
2020-04-30,-0.37890915548502946,-1.9281617311344896,280.0,280.0,280.0
2020-05-01,-0.37890915548502946,-1.968749918683923,280.0,280.0,280.0
2020-05-02,-0.1630888384220628,-1.909136018220098,280.0,280.0,280.0
2020-05-03,4.282809693075051,-1.2967010768688647,280.0,280.0,280.0
2020-05-04,1.3044893176061108,-0.38263965208834216,280.0,280.0,280.0
2020-05-05,-0.29258102865984276,-0.36805327218811607,280.0,280.0,280.0
2020-05-06,-0.29258102865984276,-0.343954035829829,280.0,280.0,300.0
2020-05-07,-0.37890915548502946,-0.40800726930781944,280.0,300.0,300.0
2020-05-08,-0.37890915548502946,-0.44352193341335727,300.0,300.0,300.0
2020-05-09,-0.37890915548502946,-0.38390803294953235,300.0,300.0,300.0
2020-05-10,-0.37890915548502946,-0.37249260520141647,300.0,300.0,300.0
2020-05-11,-0.37890915548502946,-0.37249260520141647,300.0,300.0,300.0
2020-05-12,-0.37890915548502946,-0.3718584147708214,300.0,300.0,300.0
2020-05-13,-0.37890915548502946,-0.3984944128506236,300.0,300.0,300.0
2020-05-14,-0.37890915548502946,-0.47523145493705493,300.0,300.0,300.0
2020-05-15,-0.37890915548502946,-0.49615973914236666,300.0,300.0,300.0
2020-05-16,-0.37890915548502946,-0.5304060223867143,300.0,300.0,300.0
2020-05-17,-0.37890915548502946,-0.5342111649702848,300.0,300.0,300.0
2020-05-18,-0.37890915548502946,-0.585580589838104,300.0,300.0,300.0
2020-05-19,-0.37890915548502946,-0.634413252983543,300.0,300.0,300.0
2020-05-20,-0.37890915548502946,-0.6971981055994781,300.0,300.0,300.0
2020-05-21,-0.37890915548502946,-0.7187605802353849,300.0,300.0,300.0
2020-05-22,-0.37890915548502946,-0.7587145773550883,300.0,300.0,300.0
2020-05-23,-0.37890915548502946,-0.8018395266269018,300.0,300.0,300.0
2020-05-24,0.829684620067584,-0.7016374386127785,300.0,300.0,300.0
2020-05-25,1.736129951732044,-0.0065647268224612735,300.0,300.0,300.0
2020-05-26,-0.37890915548502946,0.07080650569456515,300.0,300.0,300.0
2020-05-27,-0.37890915548502946,0.06256203009855947,300.0,300.0,0.0
2020-05-28,-0.37890915548502946,0.05178079278017349,300.0,0.0,0.0
2020-05-29,-0.37890915548502946,0.08222193344268103,0.0,0.0,0.0
2020-05-30,-0.37890915548502946,0.03465765115756707,0.0,0.0,0.0
2020-05-31,-0.37890915548502946,-0.17969871433944548,0.0,0.0,0.0
2020-06-01,2.599411219983911,-0.2760956597699984,0.0,0.0,0.0
2020-06-02,-0.33574509207243614,-0.14862338324634286,0.0,0.0,0.0
2020-06-03,1.0455049371305505,-0.14418405023390768,0.0,0.0,0.0
2020-06-04,0.052731478640903905,0.35746058026470867,0.0,0.0,0.0
2020-06-05,0.12163731411371492,0.4196112424509139,0.0,0.0,0.0
2020-06-06,-0.37890915548502946,0.372681150596395,0.0,0.0,0.0
2020-06-07,-0.37890915548502946,0.28706544248336296,0.0,0.0,0.0
2020-06-08,-0.37890915548502946,0.18052145016501914,0.0,0.0,0.0
2020-06-09,-0.37890915548502946,0.07524583870786551,0.0,0.0,399.0
2020-06-10,-0.37890915548502946,-0.0008570129479707378,0.0,399.0,399.0
2020-06-11,-0.37890915548502946,-0.1758935717567402,399.0,399.0,399.0
2020-06-12,-0.37890915548502946,-0.35156432099610474,399.0,399.0,399.0
2020-06-13,-0.37890915548502946,-0.43844840996946177,399.0,399.0,399.0
2020-06-14,-0.37890915548502946,-0.5969960175862199,399.0,399.0,399.0
2020-06-15,-0.37890915548502946,-0.7282734366925807,399.0,399.0,399.0
2020-06-16,-0.37890915548502946,-0.8557457132162363,399.0,399.0,399.0
2020-06-17,-0.37890915548502946,-0.9660948481172853,399.0,399.0,750.0
2020-06-18,2.2444736820808355,-0.8690637122561373,399.0,750.0,750.0
2020-06-19,2.428570723313528,-0.35346689228702477,750.0,750.0,750.0
2020-06-20,0.03530918728852823,-0.08139919761710737,750.0,750.0,750.0
2020-06-21,-0.37890915548502946,-0.4479612664266576,750.0,750.0,750.0
2020-06-22,-0.37890915548502946,-0.7593487677856834,750.0,750.0,750.0
2020-06-23,-0.37890915548502946,-1.02444036771992,750.0,750.0,750.0
2020-06-24,-0.2408363745605102,-1.1899640700723588,750.0,750.0,750.0
2020-06-25,0.8637458728356436,-1.3548535819924723,750.0,750.0,750.0
2020-06-26,0.03530918728852823,-1.4633001456026014,750.0,750.0,750.0
2020-06-27,2.796764805778913,-1.289531967655022,750.0,750.0,750.0
2020-06-28,-0.1487878539441641,-0.9445323734813785,750.0,750.0,750.0
2020-06-29,0.03530918728852823,-1.0624917935487035,750.0,750.0,750.0
2020-06-30,-0.37890915548502946,-1.299679014542813,750.0,750.0,750.0
2020-07-01,-0.37890915548502946,-1.5844305178211713,750.0,750.0,750.0
2020-07-02,-0.37890915548502946,-1.8330331665642619,750.0,750.0,449.0
2020-07-03,-0.37890915548502946,-1.9909465837504248,750.0,449.0,449.0
2020-07-04,-0.37890915548502946,-2.029632200008938,449.0,449.0,449.0
2020-07-05,0.6796488316029514,-1.8476195464644878,449.0,449.0,449.0
2020-07-06,2.980861847011605,-1.0637601744090284,449.0,449.0,470.0
2020-07-07,0.2654304888293935,-0.8100840022229076,449.0,470.0,490.0
2020-07-08,-0.056739333327817894,-0.6426577285795486,470.0,490.0,490.0
2020-07-09,-0.37890915548502946,-0.5900199228505393,490.0,490.0,490.0
2020-07-10,-0.37890915548502946,-0.5887515419902143,490.0,490.0,490.0
2020-07-11,-0.37890915548502946,-0.5652864960625222,490.0,490.0,490.0
2020-07-12,-0.37890915548502946,-0.53865049798272,490.0,490.0,490.0
2020-07-13,0.03530918728852823,-0.47586564536765,490.0,490.0,490.0
2020-07-14,-0.19481211425233716,-0.36678489132692593,490.0,490.0,490.0
2020-07-15,0.4035032697539129,-0.2634118511615575,490.0,490.0,490.0
2020-07-16,0.5876003109866051,-0.09471719665700849,490.0,490.0,490.0
2020-07-17,0.26543048882939363,0.023876413840046268,490.0,490.0,490.0
2020-07-18,0.08133344759670129,0.07588002913759541,490.0,490.0,490.0
2020-07-19,-0.1487878539441641,0.18305821188739949,490.0,490.0,0.0
2020-07-20,-0.2408363745605102,0.2471114453636596,490.0,0.0,0.0
2020-07-21,1.6001340377664128,0.6935815084117514,0.0,0.0,600.0
2020-07-22,0.03530918728852823,0.7912468347034944,0.0,600.0,600.0
2020-07-23,-0.37890915548502946,0.6707506529155196,600.0,600.0,600.0
2020-07-24,-0.2868606348686833,0.628259894073436,600.0,600.0,600.0
2020-07-25,-0.37890915548502946,0.5198133304641721,600.0,600.0,600.0
2020-07-26,-0.37890915548502946,0.3339955343378818,600.0,600.0,600.0
2020-07-27,-0.37890915548502946,0.21476773341023198,600.0,600.0,600.0
2020-07-28,-0.37890915548502946,0.11393145496637873,600.0,600.0,600.0
2020-07-29,-0.37890915548502946,0.00041136791235423393,600.0,600.0,600.0
2020-07-30,-0.37890915548502946,-0.12388995645832587,600.0,600.0,600.0
2020-07-31,-0.37890915548502946,-0.17779614304852545,600.0,600.0,449.0
2020-08-01,-0.2868606348686833,-0.24882547126046625,600.0,449.0,449.0
2020-08-02,-0.37890915548502946,-0.31097613344580627,449.0,449.0,449.0
2020-08-03,-0.37890915548502946,-0.3591746061615153,449.0,449.0,449.0
2020-08-04,-0.37890915548502946,-0.35346689228702477,449.0,449.0,449.0
2020-08-05,-0.37890915548502946,-0.33634375066441835,449.0,449.0,449.0
2020-08-06,-0.2408363745605102,-0.2913162301016847,449.0,449.0,449.0
2020-08-07,1.7842310789991047,0.11900497840940899,449.0,449.0,449.0
2020-08-08,-0.37890915548502946,0.24076954105943915,449.0,449.0,449.0
2020-08-09,-0.37890915548502946,0.22428058986742783,449.0,449.0,449.0
2020-08-10,-0.37890915548502946,0.23759858890646374,449.0,449.0,599.0
2020-08-11,1.6921825583827588,0.4164402902979385,449.0,599.0,599.0
2020-08-12,-0.37890915548502946,0.49381152281496493,599.0,599.0,599.0
2020-08-13,-0.37890915548502946,0.3067253458274845,599.0,599.0,599.0
2020-08-14,-0.37890915548502946,0.17354535543020363,599.0,599.0,599.0
2020-08-15,-0.37890915548502946,0.004216510495924717,599.0,599.0,449.0
2020-08-16,-0.37890915548502946,-0.14545243109423267,599.0,449.0,449.0
2020-08-17,-0.37890915548502946,-0.28243756407508397,449.0,449.0,449.0
2020-08-18,-0.37890915548502946,-0.18667480907512618,449.0,449.0,449.0
2020-08-19,3.3950801897851624,0.2604294444035607,449.0,449.0,449.0
2020-08-20,-0.10276359363599104,0.714509792617063,449.0,449.0,449.0
2020-08-21,-0.056739333327817894,0.7874416921207892,449.0,449.0,449.0
2020-08-22,-0.33288489517685643,0.845153021293694,449.0,449.0,1200.0
2020-08-23,2.0143523805399703,1.0614119580816266,449.0,1200.0,1200.0
2020-08-24,-0.056739333327817894,1.1825423303010616,1200.0,1200.0,599.0
2020-08-25,-0.1487878539441641,0.6777267476503351,1200.0,599.0,599.0
2020-08-26,-0.2868606348686833,0.2318908750328384,599.0,599.0,599.0
2020-08-27,-0.33328450955898875,0.09490574205198707,599.0,599.0,599.0
2020-08-28,-0.37890915548502946,0.010558414800145143,599.0,599.0,599.0
2020-08-29,-0.2876598636329481,-0.0553973899679002,599.0,599.0,599.0
2020-08-30,-0.37890915548502946,-0.20696890284897762,599.0,599.0,599.0
2020-08-31,-0.37890915548502946,-0.29702394397617526,599.0,599.0,299.0
2020-09-01,-0.37890915548502946,-0.3731267956320115,599.0,299.0,299.0
2020-09-02,-0.37890915548502946,-0.36615070089633084,299.0,299.0,299.0
2020-09-03,-0.2876598636329481,-0.2894136588107647,299.0,299.0,299.0
2020-09-04,-0.37890915548502946,-0.21584756887644357,299.0,299.0,299.0
2020-09-05,-0.37890915548502946,-0.17525938132614513,299.0,299.0,299.0
2020-09-06,-0.37890915548502946,-0.06554443685569111,299.0,299.0,299.0
2020-09-07,0.3510851793316215,0.11076050281340333,299.0,299.0,299.0
2020-09-08,-0.37890915548502946,0.18305821188739949,299.0,299.0,299.0
2020-09-09,-0.37890915548502946,0.17671630758231385,299.0,299.0,299.0
2020-09-10,-0.37890915548502946,0.21603611427142214,299.0,299.0,299.0
2020-09-11,-0.37890915548502946,0.18369240231712936,299.0,299.0,299.0
2020-09-12,-0.37890915548502946,0.177984688443504,299.0,299.0,299.0
2020-09-13,-0.37890915548502946,0.13042040615839007,299.0,299.0,299.0
2020-09-14,-0.37890915548502946,0.13422554874109535,299.0,299.0,299.0
2020-09-15,-0.37890915548502946,0.13359135831050029,299.0,299.0,299.0
2020-09-16,-0.37890915548502946,0.1102090328748087,299.0,299.0,299.0
2020-09-17,-0.37890915548502946,0.10315021764799273,299.0,299.0,299.0
2020-09-18,-0.19641057178086674,0.07461164827727043,299.0,299.0,299.0
2020-09-19,-0.37890915548502946,0.08539288559479123,299.0,299.0,299.0
2020-09-20,-0.37890915548502946,0.07461164827727043,299.0,299.0,299.0
2020-09-21,-0.37890915548502946,0.04543888847595306,299.0,299.0,299.0
2020-09-22,-0.37890915548502946,0.001679748773544395,299.0,299.0,299.0
2020-09-23,-0.37890915548502946,-0.0446161526503794,299.0,299.0,299.0
2020-09-24,0.12296194970141808,0.03529184158816215,299.0,299.0,299.0
2020-09-25,-0.33328450955898875,0.021339652118531133,299.0,299.0,299.0
2020-09-26,-0.37890915548502946,0.05685431622406894,299.0,299.0,299.0
2020-09-27,0.9442055763701505,0.20881185806320082,299.0,299.0,299.0
2020-09-28,-0.2876598636329481,0.20842582910601157,299.0,299.0,299.0
2020-09-29,0.21421124155349938,0.2356960176155437,299.0,299.0,299.0
2020-09-30,-0.37890915548502946,0.2718448721516766,299.0,299.0,299.0
2020-10-01,-0.37890915548502946,0.3067253458274845,299.0,299.0,299.0
2020-10-02,-0.37890915548502946,0.31496982142349017,299.0,299.0,299.0
2020-10-03,-0.37890915548502946,0.25155077837695994,299.0,299.0,299.0
2020-10-04,-0.37890915548502946,0.20969420996633653,299.0,299.0,299.0
2020-10-05,-0.37890915548502946,0.1963762109264354,299.0,299.0,299.0
2020-10-06,-0.37890915548502946,0.16593507026479307,299.0,299.0,299.0
2020-10-07,-0.37890915548502946,0.07524583870786551,299.0,299.0,299.0
2020-10-08,0.3510851793316215,0.08285612387327611,299.0,299.0,299.0
2020-10-09,-0.37890915548502946,0.07334326741608027,299.0,299.0,299.0
2020-10-10,-0.37890915548502946,0.04099955546265268,299.0,299.0,299.0
2020-10-11,-0.37890915548502946,-0.10803519569690961,299.0,299.0,299.0
2020-10-12,0.30546053340558077,-0.10993776698869485,299.0,299.0,299.0
2020-10-13,1.4917013274826385,0.2103284003969316,299.0,299.0,299.0
2020-10-14,-0.37890915548502946,0.23442763675521872,299.0,299.0,299.0
2020-10-15,0.1685865956274587,0.19447363963551537,299.0,299.0,299.0
2020-10-16,-0.37890915548502946,0.1760821171517188,299.0,299.0,299.0
2020-10-17,-0.37890915548502946,0.10822374109188819,299.0,299.0,300.0
2020-10-18,-0.37890915548502946,0.07207488655575531,299.0,300.0,300.0
2020-10-19,-0.37890915548502946,0.02577898513096632,300.0,300.0,300.0
2020-10-20,-0.33328450955898875,-0.04778710480248961,300.0,300.0,300.0
2020-10-21,0.16858659562745879,-0.04715291437189453,300.0,300.0,300.0
2020-10-22,-0.37890915548502946,-0.0446161526503794,300.0,300.0,300.0
2020-10-23,-0.37890915548502946,-0.09027786364370811,300.0,300.0,300.0
2020-10-24,-0.37890915548502946,-0.1257925277501111,300.0,300.0,300.0
2020-10-25,-0.37890915548502946,-0.17779614304852545,300.0,300.0,300.0
2020-10-26,-0.24203521770690742,-0.2469228999695462,300.0,300.0,300.0
2020-10-27,-0.37890915548502946,-0.34458822626042407,300.0,300.0,300.0
2020-10-28,-0.2876598636329481,-0.404836317154844,300.0,300.0,300.0
2020-10-29,-0.2876598636329481,-0.404202126724249,300.0,300.0,300.0
2020-10-30,0.5792084089618249,-0.36932165304844106,300.0,300.0,300.0
2020-10-31,0.07733730377537738,-0.3014081299950971,300.0,300.0,300.0
2020-11-01,-0.37890915548502946,-0.4029337458630588,300.0,300.0,300.0
2020-11-02,-0.37890915548502946,-0.4587425037450436,300.0,300.0,300.0
2020-11-03,0.07733730377537738,-0.3579062253003252,300.0,300.0,300.0
2020-11-04,-0.2876598636329481,-0.3788345095056369,300.0,300.0,400.0
2020-11-05,4.137930791192998,0.018168699965555733,300.0,400.0,400.0
2020-11-06,-0.15078592585482603,0.5940136108282231,400.0,400.0,400.0
2020-11-07,-0.05953663400274469,0.483664475927174,400.0,400.0,400.0
2020-11-08,2.449818891929493,0.6986550318556468,400.0,400.0,400.0
2020-11-09,0.989830222296191,0.7817339782462986,400.0,400.0,500.0
2020-11-10,2.2673203082253304,0.7918810251340895,400.0,500.0,500.0
2020-11-11,-0.013911988076704001,1.003700628909587,500.0,500.0,500.0
2020-11-12,-0.37890915548502946,0.7208516969221487,500.0,500.0,500.0
2020-11-13,-0.37890915548502946,0.5553279945705751,500.0,500.0,500.0
2020-11-14,-0.37890915548502946,0.21286516211844675,500.0,500.0,500.0
2020-11-15,-0.37890915548502946,-0.04334777178918924,500.0,500.0,399.0
2020-11-16,-0.33328450955898875,-0.29448718225379494,500.0,399.0,399.0
2020-11-17,-0.37890915548502946,-0.500599072155667,399.0,399.0,299.0
2020-11-18,-0.37890915548502946,-0.6065088740434158,399.0,299.0,299.0
2020-11-19,-0.37890915548502946,-0.6895878204340675,299.0,299.0,299.0
2020-11-20,-0.37890915548502946,-0.6743672501032464,299.0,299.0,299.0
2020-11-21,-0.37890915548502946,-0.7434940070234018,299.0,299.0,299.0
2020-11-22,-0.37890915548502946,-0.7790086711298049,299.0,299.0,299.0
2020-11-23,-0.37890915548502946,-0.8056446692096071,299.0,299.0,299.0
2020-11-24,0.052595660019270477,-0.7542752443417879,299.0,299.0,299.0
2020-11-25,3.4614837025032403,-0.0871069114915979,299.0,299.0,299.0
2020-11-26,0.22519758622099043,0.16910602241690326,299.0,299.0,310.0
2020-11-27,-0.37890915548502946,0.14373840519829117,299.0,310.0,310.0
2020-11-28,-0.37890915548502946,0.08349031430387119,310.0,310.0,310.0
2020-11-29,0.052595660019270477,0.1361281200320154,310.0,310.0,310.0
2020-11-30,0.48410047552357044,0.2280857324501331,310.0,310.0,310.0
2020-12-01,0.2251975862209905,0.42087962331210405,310.0,310.0,310.0
2020-12-02,-0.37890915548502946,0.3980487678150071,310.0,310.0,310.0
2020-12-03,-0.37890915548502946,0.28008934774768224,310.0,310.0,310.0
2020-12-04,-0.37890915548502946,0.21667030470201723,310.0,310.0,310.0
2020-12-05,-0.37890915548502946,0.154519642515812,310.0,310.0,310.0
2020-12-06,-0.37890915548502946,0.05304917364136365,310.0,310.0,310.0
2020-12-07,-0.37890915548502946,0.04670726933714322,310.0,310.0,310.0
2020-12-08,-0.33575867393459946,0.0010455583429493144,310.0,310.0,310.0
2020-12-09,-0.37890915548502946,0.03529184158816215,310.0,310.0,310.0
2020-12-10,0.7430033648261505,0.09871088463469237,310.0,310.0,310.0
2020-12-11,-0.37890915548502946,-0.03256653447166844,310.0,310.0,298.0
2020-12-12,-0.37890915548502946,-0.2259946157633693,310.0,298.0,298.0
2020-12-13,-0.37890915548502946,-0.30843937172429114,298.0,298.0,298.0
2020-12-14,-0.37890915548502946,-0.3014632769886105,298.0,298.0,298.0
2020-12-15,-0.37890915548502946,-0.3591746061615153,298.0,298.0,298.0
2020-12-16,-0.37890915548502946,-0.5056725955986973,298.0,298.0,298.0
2020-12-17,-0.37890915548502946,-0.6115823974873112,298.0,298.0,298.0
2020-12-18,-0.37890915548502946,-0.620461063513912,298.0,298.0,298.0
2020-12-19,-0.37890915548502946,-0.7136870567923547,298.0,298.0,298.0
2020-12-20,-0.37890915548502946,-0.8436960950375253,298.0,298.0,199.0
2020-12-21,-0.37890915548502946,-0.9197989466933615,298.0,199.0,199.0
2020-12-22,-0.37890915548502946,-0.9369220883159679,199.0,199.0,199.0
2020-12-23,-0.33575867393459946,-0.8779444852270838,199.0,199.0,199.0
2020-12-24,-0.03370530308158953,-0.8475012376202306,199.0,199.0,199.0
2020-12-25,-0.37890915548502946,-0.8716004739776525,199.0,199.0,199.0
2020-12-26,-0.37890915548502946,-0.9071151380840555,199.0,199.0,199.0
2020-12-27,0.24296830336831485,-0.8639901888122419,199.0,199.0,199.0
2020-12-28,-0.37890915548502946,-0.829109715136434,199.0,199.0,199.0
2020-12-29,-0.37890915548502946,-0.9274092318587721,199.0,199.0,199.0
2020-12-30,-0.37890915548502946,-0.9210673275536865,199.0,199.0,199.0
2020-12-31,-0.37890915548502946,-0.8976022816268596,199.0,199.0,199.0
2021-01-01,-0.37890915548502946,-0.8627218079510517,199.0,199.0,199.0
2021-01-02,1.0869448546692821,-0.7986685744747917,199.0,199.0,199.0
2021-01-03,2.197440316907397,-0.5411872597051003,199.0,199.0,199.0
2021-01-04,2.8193177757607413,0.05304917364136365,199.0,199.0,199.0
2021-01-05,-0.37890915548502946,0.18496078317831952,199.0,199.0,199.0
2021-01-06,-0.37890915548502946,0.19891297264881572,199.0,199.0,199.0
2021-01-07,-0.37890915548502946,0.19193687791313505,199.0,199.0,199.0
2021-01-08,0.9536853992007086,0.3333613439072867,199.0,199.0,199.0
2021-01-09,-0.37890915548502946,0.409464195563123,199.0,199.0,199.0
2021-01-10,-0.37890915548502946,0.3333613439072867,199.0,199.0,199.0
2021-01-11,-0.37890915548502946,0.29848087023147885,199.0,199.0,199.0
2021-01-12,-0.37890915548502946,0.3308245821849064,199.0,199.0,199.0
2021-01-13,-0.37890915548502946,0.299749251092669,199.0,199.0,199.0
2021-01-14,-0.37890915548502946,0.26930811043016145,199.0,199.0,199.0
2021-01-15,-0.37890915548502946,0.24837982622484975,199.0,199.0,199.0
2021-01-16,-0.37890915548502946,0.2185728759929373,199.0,199.0,199.0
2021-01-17,-0.2012298815269311,0.15261707122402673,199.0,199.0,199.0
2021-01-18,-0.3344893369955049,0.009924224369550063,199.0,199.0,199.0
2021-01-19,-0.3344893369955049,0.002948129634734556,199.0,199.0,199.0
2021-01-20,0.06528902941021648,-0.061105103842390734,199.0,199.0,199.0
2021-01-21,-0.3344893369955049,-0.14608662152482774,199.0,199.0,199.0
2021-01-22,-0.37890915548502946,-0.24248356695538062,199.0,199.0,199.0
2021-01-23,-0.37890915548502946,-0.3991286032812187,199.0,199.0,199.0
2021-01-24,-0.37890915548502946,-0.5044042147383724,199.0,199.0,199.0
2021-01-25,-0.3344893369955049,-0.5678232577849025,199.0,199.0,199.0
2021-01-26,-0.37890915548502946,-0.5646523056319271,199.0,199.0,199.0
2021-01-27,-0.37890915548502946,-0.4872810731157659,199.0,199.0,199.0
2021-01-28,-0.37890915548502946,-0.6318764912620278,199.0,199.0,199.0
2021-01-29,-0.37890915548502946,-0.6971981056003433,199.0,199.0,199.0
2021-01-30,-0.37890915548502946,-0.8246703821239988,199.0,199.0,199.0
2021-01-31,-0.37890915548502946,-0.9343853265944528,199.0,199.0,199.0
2021-02-01,-0.37890915548502946,-0.9908282749053023,199.0,199.0,199.0
2021-02-02,-0.37890915548502946,-1.046002842355827,199.0,199.0,199.0
2021-02-03,-0.37890915548502946,-1.1005432193757563,199.0,199.0,199.0
2021-02-04,-0.37890915548502946,-1.1791828327539728,199.0,199.0,199.0
2021-02-05,-0.37890915548502946,-1.2984106336816228,199.0,199.0,199.0
2021-02-06,-0.37890915548502946,-1.4201751963307878,199.0,199.0,199.0
2021-02-07,-0.37890915548502946,-1.5400371876890326,199.0,199.0,199.0
2021-02-08,-0.37890915548502946,-1.6097981350397832,199.0,199.0,199.0
2021-02-09,-0.15681006303740652,-1.63072641924596,199.0,199.0,199.0
2021-02-10,1.220204310137856,-1.3922708173906604,199.0,199.0,199.0
2021-02-11,-0.24564970001645572,-1.3047525379858431,199.0,199.0,199.0
2021-02-12,-0.37890915548502946,-1.4525189082850805,199.0,199.0,199.0
2021-02-13,-0.37890915548502946,-1.434127385801284,199.0,199.0,199.0
2021-02-14,-0.37890915548502946,-1.543842330271738,199.0,199.0,199.0
2021-02-15,1.487319912799572,-1.3377304403698658,199.0,199.0,199.0
2021-02-16,1.0321420912667423,-0.9337511361638577,199.0,199.0,199.0
2021-02-17,-0.37890915548502946,-1.0783189808124978,199.0,199.0,199.0
2021-02-18,-0.37890915548502946,-1.1132270279859275,199.0,199.0,199.0
2021-02-19,-0.37890915548502946,-1.1607913102701763,199.0,199.0,199.0
2021-02-20,-0.37890915548502946,-1.2197710203034062,199.0,199.0,199.0
2021-02-21,-0.37890915548502946,-1.240065114078988,199.0,199.0,199.0
2021-02-22,-0.37890915548502946,-1.26606692172733,199.0,199.0,199.0
2021-02-23,-0.37890915548502946,-1.2857268250723166,199.0,199.0,199.0
2021-02-24,-0.37890915548502946,-1.4220777676225729,199.0,199.0,199.0
2021-02-25,-0.15132024471861463,-1.5051567140132247,199.0,199.0,199.0
2021-02-26,-0.37890915548502946,-1.5679415666291598,199.0,199.0,199.0
2021-02-27,-0.37890915548502946,-1.6269212766623897,199.0,199.0,199.0
2021-02-28,-0.10580246256533173,-1.6269212766623897,199.0,199.0,199.0
2021-03-01,0.16730423035436612,-1.604724611596753,199.0,199.0,200.0
2021-03-02,-0.10580246256533168,-1.5749176613639753,199.0,200.0,200.0
2021-03-03,-0.28787359117846356,-1.6129690871927587,200.0,200.0,200.0
2021-03-04,3.535620109697309,-1.4918387149733237,200.0,200.0,200.0
2021-03-05,-0.37890915548502946,-1.2825558729193414,200.0,200.0,200.0
2021-03-06,-0.28787359117846356,-1.3168021561654193,200.0,200.0,200.0
2021-03-07,-0.15132024471861466,-1.4385667188145843,200.0,200.0,200.0
2021-03-08,-0.37890915548502946,-1.6377025139807757,200.0,200.0,200.0
2021-03-09,-0.37890915548502946,-1.6618017503381977,200.0,200.0,200.0
2021-03-10,-0.37890915548502946,-1.6725829876565836,200.0,200.0,200.0
2021-03-11,1.30524878418644,-1.5406713781196277,200.0,200.0,200.0
2021-03-12,-0.37890915548502946,-1.1734751188794823,200.0,200.0,200.0
2021-03-13,-0.37890915548502946,-1.2242103533175717,200.0,200.0,200.0
2021-03-14,-0.28787359117846356,-1.2628959695752198,200.0,200.0,200.0
2021-03-15,-0.37890915548502946,-1.2362599714954174,200.0,200.0,200.0
2021-03-16,-0.37890915548502946,-1.2939713006683224,200.0,200.0,200.0
2021-03-17,-0.37890915548502946,-1.3199731083175295,200.0,200.0,200.0
2021-03-18,-0.37890915548502946,-1.409393959013267,200.0,200.0,200.0
2021-03-19,-0.37890915548502946,-1.5546235675892588,200.0,200.0,200.0
2021-03-20,-0.37890915548502946,-1.664338512060578,200.0,200.0,200.0
2021-03-21,-0.37890915548502946,-1.753125172324855,200.0,200.0,200.0
2021-03-22,-0.37890915548502946,-1.8266912622591762,200.0,200.0,200.0
2021-03-23,-0.37890915548502946,-1.8996231617629022,200.0,200.0,200.0
2021-03-24,-0.37890915548502946,-1.9370403971610903,200.0,200.0,200.0
2021-03-25,-0.37890915548502946,-2.006801344511841,200.0,200.0,200.0
2021-03-26,-0.37890915548502946,-2.0194851531211473,200.0,200.0,200.0
2021-03-27,-0.37890915548502946,-2.0410476277570537,200.0,200.0,200.0
2021-03-28,-0.37890915548502946,-2.101929909081204,200.0,200.0,200.0
2021-03-29,0.8500709626536104,-1.968749918683923,200.0,200.0,200.0
2021-03-30,1.214213219879874,-1.5806253752384658,200.0,200.0,200.0
2021-03-31,2.0335332986389676,-1.3370962499392707,200.0,200.0,200.0
2021-04-01,-0.37890915548502946,-1.1163979801380377,200.0,200.0,200.0
2021-04-02,-0.37890915548502946,-1.194403403084794,200.0,200.0,200.0
2021-04-03,-0.37890915548502946,-1.1893298796417637,200.0,200.0,200.0
2021-04-04,-0.37890915548502946,-1.2343574002044975,200.0,200.0,200.0
2021-04-05,-0.37890915548502946,-1.3345594882177556,200.0,200.0,200.0
2021-04-06,-0.37890915548502946,-1.3313885360656454,200.0,200.0,200.0
2021-04-07,-0.37890915548502946,-1.2857268250714515,200.0,200.0,200.0
2021-04-08,-0.37890915548502946,-1.2755797781845257,200.0,200.0,200.0
2021-04-09,-0.10580246256533173,-1.2146974968603759,200.0,200.0,200.0
2021-04-10,0.7135176161937616,-0.9686316098396657,200.0,200.0,200.0
2021-04-11,0.44041092327406384,-0.6540731563285297,200.0,200.0,200.0
2021-04-12,0.030750883894517172,-0.5221615467915738,200.0,200.0,200.0
2021-04-13,-0.3333913733317465,-0.42956974394286107,200.0,200.0,200.0
2021-04-14,0.4859287054273468,-0.3312702272213881,200.0,200.0,200.0
2021-04-15,-0.37890915548502946,-0.2919504205322798,200.0,200.0,200.0
2021-04-16,-0.37890915548502946,-0.33761213152560854,200.0,200.0,200.0
2021-04-17,0.3038575768142149,-0.28751108751897947,200.0,200.0,200.0
2021-04-18,-0.37890915548502946,-0.31034194301521123,200.0,200.0,200.0
2021-04-19,-0.37890915548502946,-0.32746508463781765,200.0,200.0,200.0
2021-04-20,0.8955887448068935,-0.2615092798697723,200.0,200.0,200.0
2021-04-21,2.1245688629455333,0.7348038863926449,200.0,200.0,200.0
2021-04-22,-0.37890915548502946,0.7696843600675877,200.0,200.0,200.0
2021-04-23,-0.37890915548502946,0.8071015954649107,200.0,200.0,200.0
2021-04-24,-0.19683802687189764,0.796954548577985,200.0,200.0,200.0
2021-04-25,-0.37890915548502946,0.7164123639088483,200.0,200.0,200.0
2021-04-26,-0.37890915548502946,0.6815318902330404,200.0,200.0,200.0
2021-04-27,-0.37890915548502946,0.6669455103328144,200.0,200.0,200.0
2021-04-28,-0.37890915548502946,0.6384069409612269,200.0,200.0,200.0
2021-04-29,-0.37890915548502946,0.6092341811599095,200.0,200.0,200.0
2021-04-30,-0.37890915548502946,0.5565963754317652,200.0,200.0,200.0
2021-05-01,-0.37890915548502946,0.519179140033577,200.0,200.0,200.0
2021-05-02,-0.37890915548502946,0.4316608606296249,200.0,200.0,200.0
2021-05-03,-0.37890915548502946,0.3422400099338875,200.0,200.0,200.0
2021-05-04,-0.37890915548502946,0.3035543936753743,200.0,200.0,200.0
2021-05-05,-0.37890915548502946,0.24267211235122438,200.0,200.0,200.0
2021-05-06,-0.37890915548502946,0.22428058986742783,200.0,200.0,200.0
2021-05-07,-0.37890915548502946,0.23696439847673387,200.0,200.0,200.0
2021-05-08,-0.06031637803193248,0.2616978252647509,200.0,200.0,200.0
2021-05-09,-0.10582963195380349,0.2921389659272584,200.0,200.0,200.0
2021-05-10,-0.10582963195380346,0.3320929630460966,200.0,200.0,200.0
2021-05-11,0.16724989157742257,0.4139035285764234,200.0,200.0,200.0
2021-05-12,-0.19685613979754546,0.458931049139157,200.0,200.0,200.0
2021-05-13,0.16724989157742257,0.4582968587085619,200.0,200.0,200.0
2021-05-14,-0.37890915548502946,0.4189770520203188,200.0,200.0,200.0
2021-05-15,0.4403294151086485,0.652359130431723,200.0,200.0,200.0
2021-05-16,-0.37890915548502946,0.7290961725181544,200.0,200.0,200.0
2021-05-17,0.2582763994211646,0.7430483619886505,200.0,200.0,209.0
2021-05-18,0.07622338373368047,0.7430483619886505,200.0,209.0,209.0
2021-05-19,-0.37890915548502946,0.7455851237101657,209.0,209.0,209.0
2021-05-20,-0.37890915548502946,0.7627082653327721,209.0,209.0,209.0
2021-05-21,-0.37890915548502946,0.7728553122196978,209.0,209.0,209.0
2021-05-22,-0.37890915548502946,0.7208516969221487,209.0,209.0,209.0
2021-05-23,-0.37890915548502946,0.6428462739745272,209.0,209.0,209.0
2021-05-24,-0.37890915548502946,0.551695813014317,209.0,209.0,209.0
2021-05-25,-0.37890915548502946,0.49381152281496493,209.0,209.0,209.0
2021-05-26,-0.37890915548502946,0.41009838599371806,209.0,209.0,209.0
2021-05-27,-0.37890915548502946,0.3200433448673856,209.0,209.0,209.0
2021-05-28,-0.37890915548502946,0.3206775352979807,209.0,209.0,209.0
2021-05-29,2.8070186190459405,0.6587010347368086,209.0,209.0,300.0
2021-05-30,0.30378965334303554,1.1400515714598431,209.0,300.0,300.0
2021-05-31,-0.33339590156315846,1.123562620267832,300.0,300.0,300.0
2021-06-01,-0.37890915548502946,0.9478918710284673,300.0,300.0,300.0
2021-06-02,-0.37890915548502946,0.8001255007300951,300.0,300.0,300.0
2021-06-03,-0.37890915548502946,0.664408748610434,300.0,300.0,300.0
2021-06-04,-0.37890915548502946,0.5280578060601777,300.0,300.0,300.0
2021-06-05,-0.33339590156315846,0.33780067692058713,300.0,300.0,300.0
2021-06-06,1.6691872709991653,0.714509792617063,300.0,300.0,300.0
2021-06-07,0.2582763994211645,1.112781382949446,300.0,300.0,300.0
2021-06-08,-0.37890915548502946,0.9015959696045435,300.0,300.0,300.0
2021-06-09,-0.37890915548502946,0.7944177868564698,300.0,300.0,300.0
2021-06-10,-0.37890915548502946,0.6878737945372608,300.0,300.0,300.0
2021-06-11,-0.37890915548502946,0.5813298022197823,300.0,300.0,300.0
2021-06-12,-0.37890915548502946,0.45385752569612675,300.0,300.0,300.0
2021-06-13,-0.28788264764128746,0.36824181758309465,300.0,300.0,300.0
2021-06-14,2.0788065562960045,0.6625061773186488,300.0,300.0,300.0
2021-06-15,0.6223824307961325,1.0791692901348282,300.0,300.0,300.0
2021-06-16,-0.37890915548502946,1.0791692901348282,300.0,300.0,300.0
2021-06-17,-0.37890915548502946,1.0100425332146725,300.0,300.0,300.0
2021-06-18,-0.37890915548502946,0.9288661581149409,300.0,300.0,1000.0
2021-06-19,3.2621511582646505,1.2155202326850845,300.0,1000.0,1200.0
2021-06-20,2.442912587670972,1.7013101024222845,1000.0,1200.0,1200.0
2021-06-21,-0.19685613979754546,1.0588751963601115,1200.0,1200.0,499.0
2021-06-22,-0.37890915548502946,0.39297524437111164,1200.0,499.0,350.0
2021-06-23,-0.37890915548502946,-0.1086693861275047,499.0,350.0,350.0
2021-06-24,-0.37890915548502946,-0.22916556791634468,350.0,350.0,350.0
2021-06-25,-0.37890915548502946,-0.2183843305979587,350.0,350.0,350.0
2021-06-26,-0.10582963195380349,-0.16320976314743416,350.0,350.0,350.0
2021-06-27,0.7589221925617455,-0.026224630166582823,350.0,350.0,400.0
2021-06-28,-0.06031637803193245,0.1475435477809965,350.0,400.0,400.0
2021-06-29,-0.37890915548502946,0.0716943722975713,400.0,400.0,400.0
2021-06-30,-0.37890915548502946,-0.06998376986899149,400.0,400.0,400.0
2021-07-01,-0.37890915548502946,-0.1835038569221508,400.0,400.0,400.0
2021-07-02,-0.37890915548502946,-0.2729247076178882,400.0,400.0,400.0
2021-07-03,-0.37890915548502946,-0.3782003190750418,400.0,400.0,400.0
2021-07-04,-0.37890915548502946,-0.4625476463268837,400.0,400.0,330.0
2021-07-05,-0.37890915548502946,-0.5697258290766878,400.0,330.0,330.0
2021-07-06,-0.10582963195380346,-0.5253324989436841,330.0,330.0,330.0
2021-07-07,4.399982506311426,0.19130268748340515,330.0,330.0,350.0
2021-07-08,-0.37890915548502946,0.2762842051658421,330.0,350.0,350.0
2021-07-09,-0.37890915548502946,0.25535592095966525,350.0,350.0,350.0
2021-07-10,-0.37890915548502946,0.2141335429796369,350.0,350.0,350.0
2021-07-11,-0.37890915548502946,0.19193687791313505,350.0,350.0,350.0
2021-07-12,-0.37890915548502946,0.11837078797881391,350.0,350.0,350.0
2021-07-13,-0.37890915548502946,-0.009101488543976405,350.0,350.0,350.0
2021-07-14,-0.37890915548502946,-0.0553973899679002,350.0,350.0,350.0
2021-07-15,-0.37890915548502946,-0.10232748182328427,350.0,350.0,350.0
2021-07-16,-0.33339590156315846,-0.11818224258470052,350.0,350.0,500.0
2021-07-17,3.8538234592489733,0.5730853266237765,350.0,500.0,500.0
2021-07-18,0.16724989157742248,0.8584710203327299,500.0,500.0,500.0
2021-07-19,-0.19685613979754546,0.7088020787434377,500.0,500.0,500.0
2021-07-20,-0.37890915548502946,0.544546757252189,500.0,500.0,500.0
2021-07-21,0.9466397890842831,0.420245432881509,500.0,500.0,500.0
2021-07-22,0.23968035198064983,0.579427230927997,500.0,500.0,500.0
2021-07-23,-0.37890915548502946,0.41453771900701847,500.0,500.0,500.0
2021-07-24,-0.37890915548502946,0.22681735158894295,500.0,500.0,500.0
2021-07-25,-0.15798433139014398,0.1614957372506275,500.0,500.0,500.0
2021-07-26,4.437252009783473,0.6466514165572325,500.0,500.0,500.0
2021-07-27,-0.02542943693321274,0.8369085456968232,500.0,500.0,500.0
2021-07-28,-0.37890915548502946,0.7265594107966392,500.0,500.0,500.0
2021-07-29,-0.37890915548502946,0.639675321822417,500.0,500.0,500.0
2021-07-30,-0.37890915548502946,0.5496202806960846,500.0,500.0,500.0
2021-07-31,-0.2021692962091211,0.4722490481799233,500.0,500.0,500.0
2021-08-01,-0.37890915548502946,0.3073595362580796,500.0,500.0,500.0
2021-08-02,-0.37890915548502946,0.1855949736089146,500.0,500.0,500.0
2021-08-03,-0.1137993665711669,0.10758955066129311,500.0,500.0,500.0
2021-08-04,-0.37890915548502946,-0.04271358135945935,500.0,500.0,500.0
2021-08-05,0.5047901408945124,-0.04398196221978432,500.0,500.0,500.0
2021-08-06,-0.1137993665711669,-0.01883493297695616,500.0,500.0,500.0
2021-08-07,-0.24635426102809818,-0.19491928467113187,500.0,500.0,500.0
2021-08-08,0.2838653167996269,-0.1860406186445311,500.0,500.0,579.0
2021-08-09,-0.3347241906660524,-0.34014889324798886,500.0,579.0,579.0
2021-08-10,-0.37890915548502946,-0.5938250654341097,579.0,579.0,579.0
2021-08-11,-0.37890915548502946,-0.7251024845404705,579.0,579.0,579.0
2021-08-12,-0.37890915548502946,-0.9083835189452456,579.0,579.0,579.0
2021-08-13,-0.24635426102809818,-1.0333190337465208,579.0,579.0,579.0
2021-08-14,-0.37890915548502946,-1.2305522576217922,579.0,579.0,579.0
2021-08-15,-0.37890915548502946,-1.3650006288802632,579.0,579.0,579.0
2021-08-16,-0.37890915548502946,-1.5482816632850382,579.0,579.0,579.0
2021-08-17,-0.2021692962091211,-1.6446786087155911,579.0,579.0,399.0
2021-08-18,0.1071254575237185,-1.7023899378876308,579.0,399.0,399.0
2021-08-19,-0.3347241906660524,-1.7537593627554502,399.0,399.0,399.0
2021-08-20,-0.37890915548502946,-1.7550277436166404,399.0,399.0,399.0
2021-08-21,-0.37890915548502946,-1.7106344134836364,399.0,399.0,399.0
2021-08-22,-0.37890915548502946,-1.7100002230539066,399.0,399.0,399.0
2021-08-23,-0.37890915548502946,-1.7581986957696156,399.0,399.0,399.0
2021-08-24,-0.37890915548502946,-1.7772244086831421,399.0,399.0,399.0
2021-08-25,-0.37890915548502946,-1.8209835483855508,399.0,399.0,349.0
2021-08-26,-0.37890915548502946,-1.838740880437887,399.0,349.0,349.0
2021-08-27,0.06294049270474142,-1.838740880437887,349.0,349.0,349.0
2021-08-28,1.0791946835412145,-1.3795870087804893,349.0,349.0,349.0
2021-08-29,-0.3347241906660524,-1.1138612184156576,349.0,349.0,349.0
2021-08-30,-0.37890915548502946,-1.0739072212959542,349.0,349.0,349.0
2021-08-31,-0.2905392258470753,-1.0548815083824277,349.0,349.0,349.0
2021-09-01,-0.37890915548502946,-1.070736269144709,349.0,349.0,349.0
2021-09-02,-0.37890915548502946,-1.0961038863633212,349.0,349.0,349.0
2021-09-03,-0.37890915548502946,-1.0992748385154314,349.0,349.0,349.0
2021-09-04,-0.37890915548502946,-1.107519314111437,349.0,349.0,349.0
2021-09-05,-0.37890915548502946,-1.1481075016608704,349.0,349.0,349.0
2021-09-06,-0.2905392258470753,-1.14493654950876,349.0,349.0,349.0
2021-09-07,2.5814834873864356,-0.7384204835803716,349.0,349.0,349.0
2021-09-08,-0.15798433139014403,-0.5145512616252981,349.0,349.0,349.0
2021-09-09,-0.37890915548502946,-0.5018674530168572,349.0,349.0,349.0
2021-09-10,-0.2905392258470753,-0.4853785018239807,349.0,349.0,349.0
2021-09-11,-0.025429436933212778,-0.4200568874865304,349.0,349.0,349.0
2021-09-12,-0.37890915548502946,-0.40737307887722435,349.0,349.0,349.0
2021-09-13,-0.37890915548502946,-0.404202126724249,349.0,349.0,349.0
2021-09-14,0.018755527885764345,-0.3636139391748157,349.0,349.0,349.0
2021-09-15,0.1071254575237185,-0.27990080235356884,349.0,349.0,349.0
2021-09-16,2.846593276300298,0.1684718319863082,349.0,349.0,349.0
2021-09-17,-0.3347241906660524,0.3638024845697943,349.0,349.0,349.0
2021-09-18,-0.37890915548502946,0.42595314675513435,349.0,349.0,349.0
2021-09-19,-0.37890915548502946,0.38029143576180563,349.0,349.0,349.0
2021-09-20,-0.37890915548502946,0.3447767716554026,349.0,349.0,349.0
2021-09-21,-0.37890915548502946,0.3016518223844542,349.0,349.0,349.0
2021-09-22,-0.2905392258470753,0.3910726730793264,349.0,349.0,500.0
2021-09-23,5.011656552430175,1.1977629006318828,349.0,500.0,500.0
2021-09-24,-0.37890915548502946,1.3747020307324376,500.0,500.0,500.0
2021-09-25,-0.37890915548502946,1.211715090102379,500.0,500.0,500.0
2021-09-26,-0.1137993665711669,1.099546104401545,500.0,500.0,500.0
2021-09-27,-0.06961440175218982,0.944086728445762,500.0,500.0,500.0
2021-09-28,-0.2021692962091211,0.8305666413926027,500.0,500.0,500.0
2021-09-29,-0.37890915548502946,0.6098683715905046,500.0,500.0,500.0
2021-09-30,-0.3347241906660524,0.42531895632453925,500.0,500.0,500.0
2021-10-01,-0.37890915548502946,0.25789268268204557,500.0,500.0,500.0
2021-10-02,-0.37890915548502946,0.12090754970119423,500.0,500.0,399.0
2021-10-03,-0.37890915548502946,-0.005296345961271112,500.0,399.0,399.0
2021-10-04,0.5489751057134894,0.16593507026479307,399.0,399.0,399.0
2021-10-05,-0.3347241906660524,0.1469093573504014,399.0,399.0,399.0
2021-10-06,-0.3347241906660524,0.1469093573504014,399.0,399.0,399.0
2021-10-07,1.0350097187222376,0.276918395595572,399.0,399.0,399.0
2021-10-08,2.0070789447397335,0.7639766461930971,399.0,399.0,399.0
2021-10-09,-0.37890915548502946,0.7252910299354491,399.0,399.0,399.0
2021-10-10,-0.37890915548502946,0.6675797007625442,399.0,399.0,399.0
2021-10-11,-0.37890915548502946,0.5876717065240027,399.0,399.0,399.0
2021-10-12,0.4122009230541495,0.6567984634450235,399.0,399.0,399.0
2021-10-13,-0.37890915548502946,0.6035264672854189,399.0,399.0,399.0
2021-10-14,-0.37890915548502946,0.5261552347683925,399.0,399.0,399.0
2021-10-15,-0.37890915548502946,0.37394953145672,399.0,399.0,399.0
2021-10-16,-0.37890915548502946,0.26613715827805123,399.0,399.0,399.0
2021-10-17,0.703662530937005,0.3238484874500909,399.0,399.0,399.0
2021-10-18,1.8278715899137332,0.8273956892404926,399.0,399.0,399.0
2021-10-19,-0.37890915548502946,0.7709527409287779,399.0,399.0,399.0
2021-10-20,-0.37890915548502946,0.7544637897367664,399.0,399.0,399.0
2021-10-21,-0.37890915548502946,0.6834344615248257,399.0,399.0,399.0
2021-10-22,-0.37890915548502946,0.5990871342729838,399.0,399.0,399.0
2021-10-23,-0.37890915548502946,0.5141056165905468,399.0,399.0,399.0
2021-10-24,-0.25399703782094857,0.3447767716554026,399.0,399.0,399.0
2021-10-25,-0.17072229271156128,0.37965724533121054,399.0,399.0,399.0
2021-10-26,-0.25399703782094857,0.3923410539405166,399.0,399.0,399.0
2021-10-27,-0.37890915548502946,0.28706544248336296,399.0,399.0,399.0
2021-10-28,0.5371130407182305,0.2356960176155437,399.0,399.0,399.0
2021-10-29,2.2442453154606694,0.7316329342396695,399.0,399.0,399.0
2021-10-30,-0.25399703782094857,0.7671475983460725,399.0,399.0,399.0
2021-10-31,-0.21235966526625494,0.7329013151008597,399.0,399.0,399.0
2021-11-01,-0.37890915548502946,0.6631403677492439,399.0,399.0,399.0
2021-11-02,-0.37890915548502946,0.5978187534117936,399.0,399.0,399.0
2021-11-03,-0.2956344103756422,0.4601994300003472,399.0,399.0,399.0
2021-11-04,-0.37890915548502946,0.2141335429796369,399.0,399.0,399.0
2021-11-05,-0.12908492015686765,0.1855949736089146,399.0,399.0,399.0
2021-11-06,0.12073931517129416,0.1507144999331067,399.0,399.0,399.0
2021-11-07,-0.21235966526625494,0.13042040615839007,399.0,399.0,399.0
2021-11-08,-0.37890915548502946,0.06763555354158975,399.0,399.0,399.0
2021-11-09,-0.37890915548502946,-0.011004059835761647,399.0,399.0,399.0
2021-11-10,-0.2956344103756422,-0.07061796029958657,399.0,399.0,299.0
2021-11-11,-0.33727178293033583,-0.17399100046495497,399.0,299.0,299.0
2021-11-12,-0.37890915548502946,-0.2615092798697723,299.0,299.0,299.0
2021-11-13,0.20401406028068142,-0.11945062344589068,299.0,299.0,299.0
2021-11-14,-0.004172802492786748,0.03148669900545686,299.0,299.0,299.0
2021-11-15,-0.33727178293033583,0.011826795661335305,299.0,299.0,299.0
2021-11-16,-0.37890915548502946,0.004850700926519798,299.0,299.0,299.0
2021-11-17,-0.2956344103756422,0.02704736599215648,299.0,299.0,299.0
2021-11-18,-0.37890915548502946,0.023876413840046268,299.0,299.0,299.0
2021-11-19,-0.37890915548502946,0.0473414597677383,299.0,299.0,299.0
2021-11-20,-0.37890915548502946,0.05051241191898332,299.0,299.0,299.0
2021-11-21,-0.37890915548502946,0.030218318145131883,299.0,299.0,299.0
2021-11-22,-0.2956344103756422,-0.038908438775888864,299.0,299.0,299.0
2021-11-23,-0.2956344103756422,-0.02368786844506769,299.0,299.0,299.0
2021-11-24,-0.21235966526625494,-0.005930536391866192,299.0,299.0,299.0
